"","imageName","timeStamp","LocalTime","altitude","length","pixelDimension.old","ImageWidth","FlightNo","Date","videoLocalTime","minutes","seconds","datetime_utc6","OSD.flyTime..s.","OSD.height..m.","GIMBAL.pitch","altitude_error","nadir"
"1","DJI_0005.MP4_00_00_02_vlc00001.png","0:02","2023-04-08 06:56:54",50.4,12.72,0.001640625,3840,"198","2023-04-08",2023-04-08 06:56:54,0,2,2023-04-08 06:56:56,679.9,50.2,-89.9,0.199999999999996,TRUE
"2","DJI_0005.MP4_00_00_04_vlc00002.png","0:04","2023-04-08 06:56:54",49.7,12.88,0.001640625,3840,"198","2023-04-08",2023-04-08 06:56:54,0,4,2023-04-08 06:56:58,681.9,50.4,-89.9,-0.699999999999996,TRUE
"3","DJI_0006.MP4_00_03_03_vlc00001.png","3:03","2023-04-08 07:05:31",119.4,13.01,0.001640625,3840,"199","2023-04-08",2023-04-08 07:05:31,3,3,2023-04-08 07:08:34,178.1,119.5,-88.8,-0.0999999999999943,TRUE
"4","DJI_0006.MP4_00_03_11_vlc00002.png","3:11","2023-04-08 07:05:31",120.1,13.08,0.001640625,3840,"199","2023-04-08",2023-04-08 07:05:31,3,11,2023-04-08 07:08:42,186.1,119.7,-88.8,0.399999999999991,TRUE
"5","DJI_0006.MP4_00_03_14_vlc00003.png","3:14","2023-04-08 07:05:31",120.3,13.16,0.001640625,3840,"199","2023-04-08",2023-04-08 07:05:31,3,14,2023-04-08 07:08:45,189.1,120.2,-88.8,0.0999999999999943,TRUE
"6","DJI_0006.MP4_00_03_16_vlc00004.png","3:16","2023-04-08 07:05:31",119.7,13.25,0.001640625,3840,"199","2023-04-08",2023-04-08 07:05:31,3,16,2023-04-08 07:08:47,191.1,120.3,-88.8,-0.599999999999994,TRUE
"7","DJI_0006.MP4_00_03_29_vlc00001.png","3:29","2023-04-08 07:05:31",120.2,13.3,0.001640625,3840,"199","2023-04-08",2023-04-08 07:05:31,3,29,2023-04-08 07:09:00,204.1,120.1,-88.8,0.100000000000009,TRUE
"8","DJI_0008.MP4_00_07_52_vlc00001.png","7:52","2023-02-01 09:19:05",35.1,13.26,0.003229167,1920,"3","2023-02-01",2023-02-01 09:19:05,7,52,2023-02-01 09:26:57,514.5,34.7,-76.4,0.399999999999999,FALSE
"9","DJI_0010.MP4_00_04_12_vlc00001.png","4:12","2023-02-01 12:08:56",33.1,12.39,0.003229167,1920,"5","2023-02-01",2023-02-01 12:08:56,4,12,2023-02-01 12:13:08,285.9,33.7,-77.6,-0.600000000000001,FALSE
"10","DJI_0010.MP4_00_04_24_vlc00001.png","4:24","2023-02-01 12:08:56",30,12.85,0.003229167,1920,"5","2023-02-01",2023-02-01 12:08:56,4,24,2023-02-01 12:13:20,298,30.6,-77.6,-0.600000000000001,FALSE
"11","DJI_0011.MP4_00_00_35_vlc00001.png","0:35","2023-04-08 07:35:58",30.7,12.44,0.001640625,3840,"200","2023-04-08",2023-04-08 07:35:58,0,35,2023-04-08 07:36:33,711.8,30.4,-89.9,0.300000000000001,TRUE
"12","DJI_0011.MP4_00_00_38_vlc00002.png","0:38","2023-04-08 07:35:58",30.7,12.45,0.001640625,3840,"200","2023-04-08",2023-04-08 07:35:58,0,38,2023-04-08 07:36:36,714.8,30.7,-89.9,0,TRUE
"13","DJI_0011.MP4_00_00_45_vlc00003.png","0:45","2023-04-08 07:35:58",30.5,12.7,0.001640625,3840,"200","2023-04-08",2023-04-08 07:35:58,0,45,2023-04-08 07:36:43,721.8,30.5,-90,0,TRUE
"14","DJI_0011.MP4_00_00_47_vlc00004.png","0:47","2023-04-08 07:35:58",30.5,12.65,0.001640625,3840,"200","2023-04-08",2023-04-08 07:35:58,0,47,2023-04-08 07:36:45,723.8,30.5,-90,0,TRUE
"15","DJI_0011.MP4_00_00_50_vlc00005.png","0:50","2023-04-08 07:35:58",30.3,12.25,0.001640625,3840,"200","2023-04-08",2023-04-08 07:35:58,0,50,2023-04-08 07:36:48,726.8,30.4,-89.9,-0.0999999999999979,TRUE
"16","DJI_0014.MP4_00_01_16_vlc00001.png","1:16","2023-04-08 07:54:59",40.5,12.97,0.001640625,3840,"201","2023-04-08",2023-04-08 07:54:59,1,16,2023-04-08 07:56:15,747.8,40.3,-90,0.200000000000003,TRUE
"17","DJI_0014.MP4_00_01_19_vlc00002.png","1:19","2023-04-08 07:54:59",40.1,12.92,0.001640625,3840,"201","2023-04-08",2023-04-08 07:54:59,1,19,2023-04-08 07:56:18,750.8,40.7,-89.9,-0.600000000000001,TRUE
"18","DJI_0014.MP4_00_01_23_vlc00003.png","1:23","2023-04-08 07:54:59",39.9,13.2,0.001640625,3840,"201","2023-04-08",2023-04-08 07:54:59,1,23,2023-04-08 07:56:22,754.8,39.9,-89.9,0,TRUE
"19","DJI_0014.MP4_00_01_27_vlc00004.png","1:27","2023-04-08 07:54:59",39.8,13.09,0.001640625,3840,"201","2023-04-08",2023-04-08 07:54:59,1,27,2023-04-08 07:56:26,758.8,39.9,-90,-0.100000000000001,TRUE
"20","DJI_0014.MP4_00_08_20_vlc00001.png","8:20","2023-02-01 18:22:19",34.6,12.42,0.003229167,1920,"9","2023-02-01",2023-02-01 18:22:19,8,20,2023-02-01 18:30:39,506.4,32.8,-70.7,1.8,FALSE
"21","DJI_0016.MP4_00_04_44_vlc00001.png","4:44","2023-04-08 08:15:51",30.6,12.71,0.001640625,3840,"202","2023-04-08",2023-04-08 08:15:51,4,44,2023-04-08 08:20:35,608.6,30.2,-89.9,0.400000000000002,TRUE
"22","DJI_0016.MP4_00_04_51_vlc00002.png","4:51","2023-04-08 08:15:51",30.4,12.52,0.001640625,3840,"202","2023-04-08",2023-04-08 08:15:51,4,51,2023-04-08 08:20:42,615.6,30.3,-89.9,0.0999999999999979,TRUE
"23","DJI_0016.MP4_00_04_53_vlc00003.png","4:53","2023-04-08 08:15:51",30.4,12.47,0.001640625,3840,"202","2023-04-08",2023-04-08 08:15:51,4,53,2023-04-08 08:20:44,617.6,30.6,-89.9,-0.200000000000003,TRUE
"24","DJI_0016.MP4_00_05_18_vlc00001.png","5:18","2023-02-08 08:40:58",46.5,13.04,0.003229167,1920,"11","2023-02-08",2023-02-08 08:40:58,5,18,2023-02-08 08:46:16,310.4,46.2,-78.2,0.299999999999997,FALSE
"25","DJI_0016.MP4_00_05_24_vlc00002.png","5:24","2023-02-08 08:40:58",46,12.61,0.003229167,1920,"11","2023-02-08",2023-02-08 08:40:58,5,24,2023-02-08 08:46:22,316.4,45.4,-78.2,0.600000000000001,FALSE
"26","DJI_0016.MP4_00_05_41_vlc00003.png","5:41","2023-02-08 08:40:58",35.3,12.89,0.003229167,1920,"11","2023-02-08",2023-02-08 08:40:58,5,41,2023-02-08 08:46:39,333.4,35.4,-78.2,-0.100000000000001,FALSE
"27","DJI_0018.MP4_00_04_31_vlc00001.png","4:31","2023-04-08 08:34:48",116.5,13.41,0.001640625,3840,"203","2023-04-08",2023-04-08 08:34:48,4,31,2023-04-08 08:39:19,282.1,116.3,-90,0.200000000000003,TRUE
"28","DJI_0018.MP4_00_04_33_vlc00002.png","4:33","2023-04-08 08:34:48",116.5,13.31,0.001640625,3840,"203","2023-04-08",2023-04-08 08:34:48,4,33,2023-04-08 08:39:21,284.2,117.7,-90,-1.2,TRUE
"29","DJI_0018.MP4_00_04_55_vlc00003.png","4:55","2023-04-08 08:34:48",80,13.29,0.001640625,3840,"203","2023-04-08",2023-04-08 08:34:48,4,55,2023-04-08 08:39:43,306.1,80.4,-90,-0.400000000000006,TRUE
"30","DJI_0018.MP4_00_05_03_vlc00004.png","5:03","2023-04-08 08:34:48",70.4,13.59,0.001640625,3840,"203","2023-04-08",2023-04-08 08:34:48,5,3,2023-04-08 08:39:51,314.2,75.2,-90,-4.8,TRUE
"31","DJI_0018.MP4_00_05_05_vlc00005.png","5:05","2023-04-08 08:34:48",69.9,13.54,0.001640625,3840,"203","2023-04-08",2023-04-08 08:34:48,5,5,2023-04-08 08:39:53,316.1,71.4,-89.9,-1.5,TRUE
"32","DJI_0018.MP4_00_05_08_vlc00006.png","5:08","2023-04-08 08:34:48",69.8,13.39,0.001640625,3840,"203","2023-04-08",2023-04-08 08:34:48,5,8,2023-04-08 08:39:56,319.3,70.3,-89.9,-0.5,TRUE
"33","DJI_0018.MP4_00_05_16_vlc00007.png","5:16","2023-04-08 08:34:48",57.5,13.8,0.001640625,3840,"203","2023-04-08",2023-04-08 08:34:48,5,16,2023-04-08 08:40:04,327.2,62,-89.9,-4.5,TRUE
"34","DJI_0018.MP4_00_05_22_vlc00009.png","5:22","2023-04-08 08:34:48",53.1,13.54,0.001640625,3840,"203","2023-04-08",2023-04-08 08:34:48,5,22,2023-04-08 08:40:10,333.2,55.4,-90,-2.3,TRUE
"35","DJI_0019.MP4_00_00_07_vlc00001.png","0:07","2023-04-08 08:40:16",50.9,13.36,0.001640625,3840,"203","2023-04-08",2023-04-08 08:40:16,0,7,2023-04-08 08:40:23,346.2,51.4,-90,-0.5,TRUE
"36","DJI_0019.MP4_00_00_12_vlc00002.png","0:12","2023-04-08 08:40:16",51.5,13.27,0.001640625,3840,"203","2023-04-08",2023-04-08 08:40:16,0,12,2023-04-08 08:40:28,351.2,50.6,-90,0.899999999999999,TRUE
"37","DJI_0019.MP4_00_00_14_vlc00003.png","0:14","2023-04-08 08:40:16",50.8,12.99,0.001640625,3840,"203","2023-04-08",2023-04-08 08:40:16,0,14,2023-04-08 08:40:30,353.2,50.7,-90,0.0999999999999943,TRUE
"38","DJI_0019.MP4_00_00_18_vlc00004.png","0:18","2023-04-08 08:40:16",51.3,13.18,0.001640625,3840,"203","2023-04-08",2023-04-08 08:40:16,0,18,2023-04-08 08:40:34,357.1,50.8,-89.9,0.5,TRUE
"39","DJI_0021.MP4_00_03_03_vlc00001.png","3:03","2023-04-08 08:50:39",89.7,12.97,0.001640625,3840,"203","2023-04-08",2023-04-08 08:50:39,3,3,2023-04-08 08:53:42,520.5,90.4,-90,-0.700000000000003,TRUE
"40","DJI_0021.MP4_00_03_05_vlc00002.png","3:05","2023-04-08 08:50:39",89.5,12.94,0.001640625,3840,"203","2023-04-08",2023-04-08 08:50:39,3,5,2023-04-08 08:53:44,522.5,89.7,-90,-0.200000000000003,TRUE
"41","DJI_0021.MP4_00_03_08_vlc00003.png","3:08","2023-04-08 08:50:39",89.8,12.94,0.001640625,3840,"203","2023-04-08",2023-04-08 08:50:39,3,8,2023-04-08 08:53:47,525.5,89.5,-89.9,0.299999999999997,TRUE
"42","DJI_0021.MP4_00_07_55_vlc00001.png","7:55","2023-02-15 09:45:57",25.9,11.55,0.003229167,1920,"14","2023-02-15",2023-02-15 09:45:57,7,55,2023-02-15 09:53:52,496.5,26.4,-64.4,-0.5,FALSE
"43","DJI_0023.MP4_00_03_31_vlc00001.png","3:31","2023-02-15 10:07:34",27.5,12.62,0.003229167,1920,"15","2023-02-15",2023-02-15 10:07:34,3,31,2023-02-15 10:11:05,223.1,27.4,-68.1,0.100000000000001,FALSE
"44","DJI_0023.MP4_00_03_40_vlc00002.png","3:40","2023-02-15 10:07:34",27.4,14.19,0.003229167,1920,"15","2023-02-15",2023-02-15 10:07:34,3,40,2023-02-15 10:11:14,232.1,27.4,-68.1,0,FALSE
"45","DJI_0024.MP4_00_01_31_vlc00001.png","1:31","2023-04-08 09:15:11",30.7,12.73,0.001640625,3840,"204","2023-04-08",2023-04-08 09:15:11,1,31,2023-04-08 09:16:42,745.9,31.3,-77.7,-0.600000000000001,FALSE
"46","DJI_0024.MP4_00_01_38_vlc00002.png","1:38","2023-04-08 09:15:11",31.2,12.84,0.001640625,3840,"204","2023-04-08",2023-04-08 09:15:11,1,38,2023-04-08 09:16:49,752.9,31.2,-90,0,TRUE
"47","DJI_0024.MP4_00_01_40_vlc00003.png","1:40","2023-04-08 09:15:11",30.8,12.62,0.001640625,3840,"204","2023-04-08",2023-04-08 09:15:11,1,40,2023-04-08 09:16:51,754.9,31.1,-89.9,-0.300000000000001,TRUE
"48","DJI_0024.MP4_00_01_48_vlc00004.png","1:48","2023-04-08 09:15:11",30.6,12.49,0.001640625,3840,"204","2023-04-08",2023-04-08 09:15:11,1,48,2023-04-08 09:16:59,762.9,31,-89.9,-0.399999999999999,TRUE
"49","DJI_0026.MP4_00_00_43_vlc00001.png","0:43","2023-02-15 10:46:17",53.3,12.84,0.003229167,1920,"18","2023-02-15",2023-02-15 10:46:17,0,43,2023-02-15 10:47:00,53,50.4,-89.9,2.9,TRUE
"50","DJI_0026.MP4_00_00_49_vlc00002.png","0:49","2023-02-15 10:46:17",53.4,12.79,0.003229167,1920,"18","2023-02-15",2023-02-15 10:46:17,0,49,2023-02-15 10:47:06,59,53.4,-89.9,0,TRUE
"51","DJI_0026.MP4_00_00_55_vlc00003.png","0:55","2023-02-15 10:46:17",53.4,12.92,0.003229167,1920,"18","2023-02-15",2023-02-15 10:46:17,0,55,2023-02-15 10:47:12,65,53.3,-89.9,0.100000000000001,TRUE
"52","DJI_0026.MP4_00_04_11_vlc00001.png","4:11","2023-04-08 09:36:37",86.1,13.5,0.001640625,3840,"205","2023-04-08",2023-04-08 09:36:37,4,11,2023-04-08 09:40:48,591.1,88,-90,-1.90000000000001,TRUE
"53","DJI_0026.MP4_00_04_14_vlc00002.png","4:14","2023-04-08 09:36:37",85.3,13.29,0.001640625,3840,"205","2023-04-08",2023-04-08 09:36:37,4,14,2023-04-08 09:40:51,594.1,85.3,-90,0,TRUE
"54","DJI_0030.MP4_00_00_02_vlc00001.png","0:02","2023-04-08 10:00:34",118.6,13.34,0.001640625,3840,"206","2023-04-08",2023-04-08 10:00:34,0,2,2023-04-08 10:00:36,652.4,119.4,-89.9,-0.800000000000011,TRUE
"55","DJI_0030.MP4_00_00_27_vlc00002.png","0:27","2023-04-08 10:00:34",40.8,13.67,0.001640625,3840,"206","2023-04-08",2023-04-08 10:00:34,0,27,2023-04-08 10:01:01,677.4,44.6,-77.9,-3.8,FALSE
"56","DJI_0030.MP4_00_10_59_vlc00001.png","10:59","2023-02-15 15:24:49",46.8,12.03,0.003229167,1920,"21","2023-02-15",2023-02-15 15:24:49,10,59,2023-02-15 15:35:48,694.4,45,-68.4,1.8,FALSE
"57","DJI_0030.MP4_00_11_02_vlc00002.png","11:02","2023-02-15 15:24:49",47.4,13.41,0.003229167,1920,"21","2023-02-15",2023-02-15 15:24:49,11,2,2023-02-15 15:35:51,697.4,46.8,-68.4,0.600000000000001,FALSE
"58","DJI_0032.MP4_00_05_13_vlc00001.png","5:13","2023-04-08 14:44:21",39.7,13.03,0.001640625,3840,"207","2023-04-08",2023-04-08 14:44:21,5,13,2023-04-08 14:49:34,648.8,40.1,-89.9,-0.399999999999999,TRUE
"59","DJI_0032.MP4_00_05_15_vlc00002.png","5:15","2023-04-08 14:44:21",40,12.97,0.001640625,3840,"207","2023-04-08",2023-04-08 14:44:21,5,15,2023-04-08 14:49:36,650.8,39.7,-89.9,0.299999999999997,TRUE
"60","DJI_0032.MP4_00_05_17_vlc00003.png","5:17","2023-04-08 14:44:21",40.2,13.08,0.001640625,3840,"207","2023-04-08",2023-04-08 14:44:21,5,17,2023-04-08 14:49:38,652.7,40,-89.9,0.200000000000003,TRUE
"61","DJI_0032.MP4_00_05_25_vlc00004.png","5:25","2023-04-08 14:44:21",40.3,12.93,0.001640625,3840,"207","2023-04-08",2023-04-08 14:44:21,5,25,2023-04-08 14:49:46,660.8,39.4,-89.9,0.899999999999999,TRUE
"62","DJI_0032.MP4_00_07_51_vlc00001.png","7:51","2023-02-15 16:01:21",43.4,11.54,0.003229167,1920,"23","2023-02-15",2023-02-15 16:01:21,7,51,2023-02-15 16:09:12,544,43.6,-72.1,-0.200000000000003,FALSE
"63","DJI_0033.MP4_00_07_39_vlc00001.png","7:39","2023-02-15 17:42:09",47.5,13.26,0.003229167,1920,"24","2023-02-15",2023-02-15 17:42:09,7,39,2023-02-15 17:49:48,485.4,47.6,-89.9,-0.100000000000001,TRUE
"64","DJI_0033.MP4_00_07_43_vlc00002.png","7:43","2023-02-15 17:42:09",45,12.8,0.003229167,1920,"24","2023-02-15",2023-02-15 17:42:09,7,43,2023-02-15 17:49:52,489.4,47.5,-89.9,-2.5,TRUE
"65","DJI_0033.MP4_00_07_48_vlc00003.png","7:48","2023-02-15 17:42:09",45.4,12.77,0.003229167,1920,"24","2023-02-15",2023-02-15 17:42:09,7,48,2023-02-15 17:49:57,494.4,44.9,-89.9,0.5,TRUE
"66","DJI_0036.MP4_00_05_04_vlc00001.png","5:04","2023-04-08 14:59:25",31.5,13.37,0.001640625,3840,"207","2023-04-08",2023-04-08 14:59:25,5,4,2023-04-08 15:04:29,639.8,30.4,-90,1.1,TRUE
"67","DJI_0037.MP4_00_10_16_vlc00001.png","10:16","2023-02-16 09:56:03",45.6,12.91,0.003229167,1920,"28","2023-02-16",2023-02-16 09:56:03,10,16,2023-02-16 10:06:19,630.8,46.2,-64.9,-0.600000000000001,FALSE
"68","DJI_0040.MP4_00_00_33_vlc00001.png","0:33","2023-04-08 15:27:08",40.9,13.82,0.001640625,3840,"208","2023-04-08",2023-04-08 15:27:08,0,33,2023-04-08 15:27:41,687.5,40,-90,0.899999999999999,TRUE
"69","DJI_0040.MP4_00_00_35_vlc00002.png","0:35","2023-04-08 15:27:08",40.1,13.57,0.001640625,3840,"208","2023-04-08",2023-04-08 15:27:08,0,35,2023-04-08 15:27:43,689.5,40.9,-89.9,-0.799999999999997,TRUE
"70","DJI_0040.MP4_00_00_40_vlc00003.png","0:40","2023-04-08 15:27:08",40.6,13.39,0.001640625,3840,"208","2023-04-08",2023-04-08 15:27:08,0,40,2023-04-08 15:27:48,694.5,40.2,-89.9,0.399999999999999,TRUE
"71","DJI_0040.MP4_00_00_42_vlc00004.png","0:42","2023-04-08 15:27:08",39.5,12.99,0.001640625,3840,"208","2023-04-08",2023-04-08 15:27:08,0,42,2023-04-08 15:27:50,696.4,40.6,-89.9,-1.1,TRUE
"72","DJI_0047.MP4_00_05_14_vlc00002.png","5:14","2023-04-08 16:05:00",50.3,13.05,0.001640625,3840,"209","2023-04-08",2023-04-08 16:05:00,5,14,2023-04-08 16:10:14,655,51.3,-75.5,-1,FALSE
"73","DJI_0047.MP4_00_05_21_vlc00003.png","5:21","2023-04-08 16:05:00",50.4,12.56,0.001640625,3840,"209","2023-04-08",2023-04-08 16:05:00,5,21,2023-04-08 16:10:21,662,50.2,-89.9,0.199999999999996,TRUE
"74","DJI_0047.MP4_00_05_23_vlc00004.png","5:23","2023-04-08 16:05:00",50.6,12.77,0.001640625,3840,"209","2023-04-08",2023-04-08 16:05:00,5,23,2023-04-08 16:10:23,664,50.4,-89.9,0.200000000000003,TRUE
"75","DJI_0047.MP4_00_05_25_vlc00005.png","5:25","2023-04-08 16:05:00",50.6,12.72,0.001640625,3840,"209","2023-04-08",2023-04-08 16:05:00,5,25,2023-04-08 16:10:25,666,50.7,-89.9,-0.100000000000001,TRUE
"76","DJI_0050.MP4_00_05_00_vlc00001.png","5:00","2023-04-08 16:29:25",50.2,13.31,0.001640625,3840,"210","2023-04-08",2023-04-08 16:29:25,5,0,2023-04-08 16:34:25,647.6,51.3,-89.9,-1.09999999999999,TRUE
"77","DJI_0050.MP4_00_05_03_vlc00002.png","5:03","2023-04-08 16:29:25",50.3,13.26,0.001640625,3840,"210","2023-04-08",2023-04-08 16:29:25,5,3,2023-04-08 16:34:28,650.6,50.1,-89.9,0.199999999999996,TRUE
"78","DJI_0053.MP4_00_05_23_vlc00001.png","5:23","2023-04-08 16:52:11",31.3,12.56,0.001640625,3840,"211","2023-04-08",2023-04-08 16:52:11,5,23,2023-04-08 16:57:34,658.5,29.3,-89.9,2,TRUE
"79","DJI_0053.MP4_00_05_26_vlc00002.png","5:26","2023-04-08 16:52:11",30.9,12.49,0.001640625,3840,"211","2023-04-08",2023-04-08 16:52:11,5,26,2023-04-08 16:57:37,661.5,31.4,-90,-0.5,TRUE
"80","DJI_0054.MP4_00_00_02_vlc00001.png","0:02","2023-04-08 16:57:38",31.4,13.57,0.001640625,3840,"211","2023-04-08",2023-04-08 16:57:38,0,2,2023-04-08 16:57:40,664.5,30.9,-90,0.5,TRUE
"81","DJI_0054.MP4_00_00_05_vlc00002.png","0:05","2023-04-08 16:57:38",30.1,12.8,0.001640625,3840,"211","2023-04-08",2023-04-08 16:57:38,0,5,2023-04-08 16:57:43,667.5,30.7,-89.9,-0.599999999999998,TRUE
"82","DJI_0056.MP4_00_04_11_vlc00001.png","4:11","2023-04-08 17:16:42",30.1,12.6,0.001640625,3840,"212","2023-04-08",2023-04-08 17:16:42,4,11,2023-04-08 17:20:53,620.9,30.2,-89.9,-0.0999999999999979,TRUE
"83","DJI_0056.MP4_00_04_13_vlc00002.png","4:13","2023-04-08 17:16:42",30.1,12.44,0.001640625,3840,"212","2023-04-08",2023-04-08 17:16:42,4,13,2023-04-08 17:20:55,622.9,30.2,-90,-0.0999999999999979,TRUE
"84","DJI_0056.MP4_00_04_15_vlc00003.png","4:15","2023-04-08 17:16:42",30.2,12.3,0.001640625,3840,"212","2023-04-08",2023-04-08 17:16:42,4,15,2023-04-08 17:20:57,624.9,30.1,-89.9,0.0999999999999979,TRUE
"85","DJI_0056.MP4_00_04_17_vlc00004.png","4:17","2023-04-08 17:16:42",30.3,12.62,0.001640625,3840,"212","2023-04-08",2023-04-08 17:16:42,4,17,2023-04-08 17:20:59,626.9,30.1,-89.9,0.199999999999999,TRUE
"86","DJI_0056.MP4_00_04_19_vlc00005.png","4:19","2023-04-08 17:16:42",30.4,12.6,0.001640625,3840,"212","2023-04-08",2023-04-08 17:16:42,4,19,2023-04-08 17:21:01,628.9,30.3,-90,0.0999999999999979,TRUE
"87","DJI_0056.MP4_00_04_22_vlc00006.png","4:22","2023-04-08 17:16:42",30.3,12.9,0.001640625,3840,"212","2023-04-08",2023-04-08 17:16:42,4,22,2023-04-08 17:21:04,631.9,30.4,-89.9,-0.0999999999999979,TRUE
"88","DJI_0056.MP4_00_04_23_vlc00007.png","4:23","2023-04-08 17:16:42",30.4,12.93,0.001640625,3840,"212","2023-04-08",2023-04-08 17:16:42,4,23,2023-04-08 17:21:05,632.9,30.4,-89.9,0,TRUE
"89","DJI_0060.MP4_00_00_30_vlc00001.png","0:30","2023-04-08 17:39:06",32.9,13.24,0.001640625,3840,"212","2023-04-08",2023-04-08 17:39:06,0,30,2023-04-08 17:39:36,684.4,32.9,-89.9,0,TRUE
"90","DJI_0060.MP4_00_00_32_vlc00002.png","0:32","2023-04-08 17:39:06",32.6,13.03,0.001640625,3840,"212","2023-04-08",2023-04-08 17:39:06,0,32,2023-04-08 17:39:38,686.4,33.9,-89.4,-1.3,TRUE
"91","DJI_0060.MP4_00_00_34_vlc00003.png","0:34","2023-04-08 17:39:06",32.9,12.98,0.001640625,3840,"212","2023-04-08",2023-04-08 17:39:06,0,34,2023-04-08 17:39:40,688.4,32.6,-89.9,0.299999999999997,TRUE
"92","DJI_0062.MP4_00_04_09_vlc00001.png","4:09","2023-04-09 06:45:40",41.3,13.27,0.001640625,3840,"213","2023-04-09",2023-04-09 06:45:40,4,9,2023-04-09 06:49:49,678.3,40.6,-90,0.699999999999996,TRUE
"93","DJI_0062.MP4_00_04_11_vlc00002.png","4:11","2023-04-09 06:45:40",40.8,13.44,0.001640625,3840,"213","2023-04-09",2023-04-09 06:45:40,4,11,2023-04-09 06:49:51,680.4,41,-90,-0.200000000000003,TRUE
"94","DJI_0062.MP4_00_04_14_vlc00003.png","4:14","2023-04-09 06:45:40",40.1,13.34,0.001640625,3840,"213","2023-04-09",2023-04-09 06:45:40,4,14,2023-04-09 06:49:54,683.3,40.8,-90,-0.699999999999996,TRUE
"95","DJI_0065.MP4_00_00_02_vlc00001.png","0:02","2023-04-09 07:07:16",26.8,11.25,0.001640625,3840,"214","2023-04-09",2023-04-09 07:07:16,0,2,2023-04-09 07:07:18,680.9,26.7,-90,0.100000000000001,TRUE
"96","DJI_0065.MP4_00_00_42_vlc00001.png","0:42","2023-02-17 09:11:48",139.2,13.52,0.003229167,1920,"47","2023-02-17",2023-02-17 09:11:48,0,42,2023-02-17 09:12:30,NA,NA,NA,NA,NA
"97","DJI_0065.MP4_00_00_51_vlc00002.png","0:51","2023-02-17 09:11:48",155.3,13.66,0.003229167,1920,"47","2023-02-17",2023-02-17 09:11:48,0,51,2023-02-17 09:12:39,NA,NA,NA,NA,NA
"98","DJI_0066.MP4_00_02_20_vlc00001.png","2:20","2023-04-09 07:14:07",119.9,13.08,0.001640625,3840,"214","2023-04-09",2023-04-09 07:14:07,2,20,2023-04-09 07:16:27,135.8,119.4,-89.9,0.5,TRUE
"99","DJI_0066.MP4_00_02_30_vlc00002.png","2:30","2023-04-09 07:14:07",119.2,13.19,0.001640625,3840,"214","2023-04-09",2023-04-09 07:14:07,2,30,2023-04-09 07:16:37,145.8,119.2,-89.9,0,TRUE
"100","DJI_0066.MP4_00_02_33_vlc00003.png","2:33","2023-04-09 07:14:07",119.2,13.12,0.001640625,3840,"214","2023-04-09",2023-04-09 07:14:07,2,33,2023-04-09 07:16:40,148.8,119.3,-90,-0.0999999999999943,TRUE
"101","DJI_0073.MP4_00_00_38_vlc00001.png","0:38","2023-04-09 08:04:22",39.8,13.4,0.001640625,3840,"215","2023-04-09",2023-04-09 08:04:22,0,38,2023-04-09 08:05:00,704.3,39.8,-89.9,0,TRUE
"102","DJI_0073.MP4_00_00_40_vlc00001.png","0:40","2023-04-09 08:04:22",39.4,13.19,0.001640625,3840,"215","2023-04-09",2023-04-09 08:04:22,0,40,2023-04-09 08:05:02,706.3,39.8,-89.9,-0.399999999999999,TRUE
"103","DJI_0073.MP4_00_00_48_vlc00002.png","0:48","2023-04-09 08:04:22",39.4,12.66,0.001640625,3840,"215","2023-04-09",2023-04-09 08:04:22,0,48,2023-04-09 08:05:10,714.3,39.5,-89.9,-0.100000000000001,TRUE
"104","DJI_0073.MP4_00_00_50_vlc00003.png","0:50","2023-04-09 08:04:22",39.8,13.19,0.001640625,3840,"215","2023-04-09",2023-04-09 08:04:22,0,50,2023-04-09 08:05:12,716.3,39.9,-89.9,-0.100000000000001,TRUE
"105","DJI_0074.MP4_00_09_17_vlc00001.png","9:17","2023-02-17 16:47:52",123.6,13.93,0.003229167,1920,"55","2023-02-17",2023-02-17 16:47:52,9,17,2023-02-17 16:57:09,594.9,123.7,-89.9,-0.100000000000009,TRUE
"106","DJI_0074.MP4_00_09_21_vlc00002.png","9:21","2023-02-17 16:47:52",123.2,13.29,0.003229167,1920,"55","2023-02-17",2023-02-17 16:47:52,9,21,2023-02-17 16:57:13,598.9,123.6,-90,-0.399999999999991,TRUE
"107","DJI_0076.MP4_00_01_03_vlc00001.png","1:03","2023-04-09 08:22:54",50.8,13.82,0.001640625,3840,"216","2023-04-09",2023-04-09 08:22:54,1,3,2023-04-09 08:23:57,717.1,51.2,-90,-0.400000000000006,TRUE
"108","DJI_0076.MP4_00_01_06_vlc00002.png","1:06","2023-04-09 08:22:54",50.3,13.31,0.001640625,3840,"216","2023-04-09",2023-04-09 08:22:54,1,6,2023-04-09 08:24:00,720.1,50.5,-90,-0.200000000000003,TRUE
"109","DJI_0076.MP4_00_01_14_vlc00003.png","1:14","2023-04-09 08:22:54",50.1,13.08,0.001640625,3840,"216","2023-04-09",2023-04-09 08:22:54,1,14,2023-04-09 08:24:08,728.1,50.1,-90,0,TRUE
"110","DJI_0076.MP4_00_06_29_vlc00001.png","6:29","2023-02-18 08:32:57",119.1,13.44,0.003229167,1920,"56","2023-02-18",2023-02-18 08:32:57,6,29,2023-02-18 08:39:26,370.8,114.7,-90,4.39999999999999,TRUE
"111","DJI_0076.MP4_00_06_34_vlc00002.png","6:34","2023-02-18 08:32:57",118.9,13.6,0.003229167,1920,"56","2023-02-18",2023-02-18 08:32:57,6,34,2023-02-18 08:39:31,375.8,119,-90,-0.0999999999999943,TRUE
"112","DJI_0076.MP4_00_06_43_vlc00003.png","6:43","2023-02-18 08:32:57",119.1,13.5,0.003229167,1920,"56","2023-02-18",2023-02-18 08:32:57,6,43,2023-02-18 08:39:40,384.8,119,-90,0.0999999999999943,TRUE
"113","DJI_0076.MP4_00_06_52_vlc00004.png","6:52","2023-02-18 08:32:57",119.3,13.48,0.003229167,1920,"56","2023-02-18",2023-02-18 08:32:57,6,52,2023-02-18 08:39:49,393.8,119.1,-90,0.200000000000003,TRUE
"114","DJI_0076.MP4_00_06_57_vlc00005.png","6:57","2023-02-18 08:32:57",119,13.31,0.003229167,1920,"56","2023-02-18",2023-02-18 08:32:57,6,57,2023-02-18 08:39:54,398.8,118.9,-90,0.0999999999999943,TRUE
"115","DJI_0079.MP4_00_01_53_vlc00001.png","1:53","2023-04-09 08:40:33",32.2,12.69,0.001640625,3840,"216","2023-04-09",2023-04-09 08:40:33,1,53,2023-04-09 08:42:26,764,31.9,-90,0.300000000000004,TRUE
"116","DJI_0079.MP4_00_01_57_vlc00002.png","1:57","2023-04-09 08:40:33",32,12.94,0.001640625,3840,"216","2023-04-09",2023-04-09 08:40:33,1,57,2023-04-09 08:42:30,768,32.1,-90,-0.100000000000001,TRUE
"117","DJI_0079.MP4_00_01_59_vlc00003.png","1:59","2023-04-09 08:40:33",31.9,13.08,0.001640625,3840,"216","2023-04-09",2023-04-09 08:40:33,1,59,2023-04-09 08:42:32,769.9,32,-90,-0.100000000000001,TRUE
"118","DJI_0079.MP4_00_02_02_vlc00004.png","2:02","2023-04-09 08:40:33",31.9,12.69,0.001640625,3840,"216","2023-04-09",2023-04-09 08:40:33,2,2,2023-04-09 08:42:35,773,31.9,-89.9,0,TRUE
"119","DJI_0079.MP4_00_02_05_vlc00001.png","2:05","2023-04-09 08:40:33",32,12.67,0.001640625,3840,"216","2023-04-09",2023-04-09 08:40:33,2,5,2023-04-09 08:42:38,776,31.9,-89.9,0.100000000000001,TRUE
"120","DJI_0079.MP4_00_02_06_vlc00005.png","2:06","2023-04-09 08:40:33",32.1,12.61,0.001640625,3840,"216","2023-04-09",2023-04-09 08:40:33,2,6,2023-04-09 08:42:39,776.9,32,-89.9,0.100000000000001,TRUE
"121","DJI_0085.MP4_00_00_19_vlc00001.png","0:19","2023-04-09 09:19:49",120.2,13.5,0.001640625,3840,"217","2023-04-09",2023-04-09 09:19:49,0,19,2023-04-09 09:20:08,675,119.8,-90,0.400000000000006,TRUE
"122","DJI_0085.MP4_00_00_21_vlc00002.png","0:21","2023-04-09 09:19:49",119.9,13.46,0.001640625,3840,"217","2023-04-09",2023-04-09 09:19:49,0,21,2023-04-09 09:20:10,677,120.1,-89.9,-0.199999999999989,TRUE
"123","DJI_0085.MP4_00_00_24_vlc00003.png","0:24","2023-04-09 09:19:49",119.9,13.54,0.001640625,3840,"217","2023-04-09",2023-04-09 09:19:49,0,24,2023-04-09 09:20:13,680,120,-89.9,-0.0999999999999943,TRUE
"124","DJI_0085.MP4_00_00_27_vlc00004.png","0:27","2023-04-09 09:19:49",119.9,13.45,0.001640625,3840,"217","2023-04-09",2023-04-09 09:19:49,0,27,2023-04-09 09:20:16,683,119.9,-89.9,0,TRUE
"125","DJI_0085.MP4_00_00_29_vlc00005.png","0:29","2023-04-09 09:19:49",119.8,13.47,0.001640625,3840,"217","2023-04-09",2023-04-09 09:19:49,0,29,2023-04-09 09:20:18,685,119.9,-89.9,-0.100000000000009,TRUE
"126","DJI_0087.MP4_00_05_00_vlc00001.png","5:00","2023-04-09 09:33:46",46.8,13.08,0.001640625,3840,"218","2023-04-09",2023-04-09 09:33:46,5,0,2023-04-09 09:38:46,648.8,46.5,-90,0.299999999999997,TRUE
"127","DJI_0087.MP4_00_05_02_vlc00002.png","5:02","2023-04-09 09:33:46",46.8,13.27,0.001640625,3840,"218","2023-04-09",2023-04-09 09:33:46,5,2,2023-04-09 09:38:48,650.8,46.8,-89.9,0,TRUE
"128","DJI_0087.MP4_00_05_06_vlc00003.png","5:06","2023-04-09 09:33:46",46.6,13.1,0.001640625,3840,"218","2023-04-09",2023-04-09 09:33:46,5,6,2023-04-09 09:38:52,654.8,46.5,-89.9,0.100000000000001,TRUE
"129","DJI_0087.MP4_00_05_11_vlc00004.png","5:11","2023-04-09 09:33:46",45.8,13.29,0.001640625,3840,"218","2023-04-09",2023-04-09 09:33:46,5,11,2023-04-09 09:38:57,659.8,46.7,-89.9,-0.900000000000006,TRUE
"130","DJI_0087.MP4_00_05_14_vlc00005.png","5:14","2023-04-09 09:33:46",45.6,13.04,0.001640625,3840,"218","2023-04-09",2023-04-09 09:33:46,5,14,2023-04-09 09:39:00,662.8,45.8,-89.9,-0.199999999999996,TRUE
"131","DJI_0091.MP4_00_00_56_vlc00001.png","0:56","2023-04-09 09:57:22",50.2,13.02,0.001640625,3840,"218","2023-04-09",2023-04-09 09:57:22,0,56,2023-04-09 09:58:18,726,50.1,-89.9,0.100000000000001,TRUE
"132","DJI_0091.MP4_00_00_57_vlc00002.png","0:57","2023-04-09 09:57:22",50.1,13.05,0.001640625,3840,"218","2023-04-09",2023-04-09 09:57:22,0,57,2023-04-09 09:58:19,727,50.2,-89.9,-0.100000000000001,TRUE
"133","DJI_0091.MP4_00_01_00_vlc00003.png","1:00","2023-04-09 09:57:22",50.2,13.14,0.001640625,3840,"218","2023-04-09",2023-04-09 09:57:22,1,0,2023-04-09 09:58:22,730,50,-89.9,0.200000000000003,TRUE
"134","DJI_0091.MP4_00_01_02_vlc00004.png","1:02","2023-04-09 09:57:22",50.3,13.34,0.001640625,3840,"218","2023-04-09",2023-04-09 09:57:22,1,2,2023-04-09 09:58:24,732,50.2,-89.9,0.0999999999999943,TRUE
"135","DJI_0091.MP4_00_01_05_vlc00005.png","1:05","2023-04-09 09:57:22",50.4,13.35,0.001640625,3840,"218","2023-04-09",2023-04-09 09:57:22,1,5,2023-04-09 09:58:27,735,50.3,-89.9,0.100000000000001,TRUE
"136","DJI_0091.MP4_00_01_12_vlc00006.png","1:12","2023-04-09 09:57:22",50.2,12.9,0.001640625,3840,"218","2023-04-09",2023-04-09 09:57:22,1,12,2023-04-09 09:58:34,742.1,50.1,-89.9,0.100000000000001,TRUE
"137","DJI_0092.MP4_00_10_55_vlc00001.png","10:55","2023-02-18 15:04:00",35.7,12.81,0.003229167,1920,"66","2023-02-18",2023-02-18 15:04:00,10,55,2023-02-18 15:14:55,653.5,34.9,-82.8,0.800000000000004,FALSE
"138","DJI_0097.MP4_00_09_50_vlc00001.png","9:50","2023-02-18 16:20:45",125.5,13.47,0.003229167,1920,"70","2023-02-18",2023-02-18 16:20:45,9,50,2023-02-18 16:30:35,590.6,122.8,-85.3,2.7,FALSE
"139","DJI_0098.MP4_00_05_16_vlc00001.png","5:16","2023-04-09 16:45:35",115.2,14.46,0.001640625,3840,"219","2023-04-09",2023-04-09 16:45:35,5,16,2023-04-09 16:50:51,310.5,115.4,-89.9,-0.200000000000003,TRUE
"140","DJI_0098.MP4_00_10_21_vlc00001.png","10:21","2023-02-18 16:36:27",106.1,12.1,0.003229167,1920,"71","2023-02-18",2023-02-18 16:36:27,10,21,2023-02-18 16:46:48,621.1,106.9,-62.7,-0.800000000000011,FALSE
"141","DJI_0099.MP4_00_00_13_vlc00001.png","0:13","2023-04-09 16:51:03",115.2,14.01,0.001640625,3840,"219","2023-04-09",2023-04-09 16:51:03,0,13,2023-04-09 16:51:16,335.5,115,-89.9,0.200000000000003,TRUE
"142","DJI_0099.MP4_00_00_17_vlc00002.png","0:17","2023-04-09 16:51:03",113.4,13.96,0.001640625,3840,"219","2023-04-09",2023-04-09 16:51:03,0,17,2023-04-09 16:51:20,339.6,114.9,-90,-1.5,TRUE
"143","DJI_0099.MP4_00_00_19_vlc00003.png","0:19","2023-04-09 16:51:03",113.6,13.99,0.001640625,3840,"219","2023-04-09",2023-04-09 16:51:03,0,19,2023-04-09 16:51:22,341.6,113.5,-89.9,0.0999999999999943,TRUE
"144","DJI_0099.MP4_00_00_22_vlc00004.png","0:22","2023-04-09 16:51:03",113.5,14.02,0.001640625,3840,"219","2023-04-09",2023-04-09 16:51:03,0,22,2023-04-09 16:51:25,344.6,113.6,-89.9,-0.0999999999999943,TRUE
"145","DJI_0099.MP4_00_00_25_vlc00005.png","0:25","2023-04-09 16:51:03",113.4,14,0.001640625,3840,"219","2023-04-09",2023-04-09 16:51:03,0,25,2023-04-09 16:51:28,347.6,113.5,-89.9,-0.0999999999999943,TRUE
"146","DJI_0099.MP4_00_00_33_vlc00006.png","0:33","2023-04-09 16:51:03",113.4,13.93,0.001640625,3840,"219","2023-04-09",2023-04-09 16:51:03,0,33,2023-04-09 16:51:36,355.6,113.3,-90,0.100000000000009,TRUE
"147","DJI_0099.MP4_00_00_39_vlc00007.png","0:39","2023-04-09 16:51:03",113.4,13.96,0.001640625,3840,"219","2023-04-09",2023-04-09 16:51:03,0,39,2023-04-09 16:51:42,361.6,113.4,-89.9,0,TRUE
"148","DJI_0099.MP4_00_00_45_vlc00008.png","0:45","2023-04-09 16:51:03",113.4,13.9,0.001640625,3840,"219","2023-04-09",2023-04-09 16:51:03,0,45,2023-04-09 16:51:48,367.6,113.4,-89.9,0,TRUE
"149","DJI_0099.MP4_00_00_51_vlc00009.png","0:51","2023-04-09 16:51:03",113.4,14.15,0.001640625,3840,"219","2023-04-09",2023-04-09 16:51:03,0,51,2023-04-09 16:51:54,373.6,113.4,-89.9,0,TRUE
"150","DJI_0099.MP4_00_00_59_vlc00010.png","0:59","2023-04-09 16:51:03",113.4,14.2,0.001640625,3840,"219","2023-04-09",2023-04-09 16:51:03,0,59,2023-04-09 16:52:02,381.6,113.3,-89.9,0.100000000000009,TRUE
"151","DJI_0099.MP4_00_01_31_vlc00011.png","1:31","2023-04-09 16:51:03",113.3,14.09,0.001640625,3840,"219","2023-04-09",2023-04-09 16:51:03,1,31,2023-04-09 16:52:34,413.6,113.3,-89.9,0,TRUE
"152","DJI_0099.MP4_00_09_45_vlc00001.png","9:45","2023-02-20 07:48:20",91.7,12.58,0.003229167,1920,"72","2023-02-20",2023-02-20 07:48:20,9,45,2023-02-20 07:58:05,584.8,91.3,-62.6,0.400000000000006,FALSE
"153","DJI_0099.MP4_00_09_49_vlc00002.png","9:49","2023-02-20 07:48:20",91,12.3,0.003229167,1920,"72","2023-02-20",2023-02-20 07:48:20,9,49,2023-02-20 07:58:09,588.8,90.5,-62.6,0.5,FALSE
"154","DJI_0100.MP4_00_05_36_vlc00001.png","5:36","2023-02-20 08:04:03",111.3,13.59,0.003229167,1920,"73","2023-02-20",2023-02-20 08:04:03,5,36,2023-02-20 08:09:39,335,112.3,-89.6,-1,TRUE
"155","DJI_0100.MP4_00_10_40_vlc00001.png","10:40","2023-02-20 08:04:03",32.4,12,0.003229167,1920,"73","2023-02-20",2023-02-20 08:04:03,10,40,2023-02-20 08:14:43,639,32.6,-77.3,-0.200000000000003,FALSE
"156","DJI_0100.MP4_00_10_42_vlc00002.png","10:42","2023-02-20 08:04:03",31.6,12.25,0.003229167,1920,"73","2023-02-20",2023-02-20 08:04:03,10,42,2023-02-20 08:14:45,641,31.7,-77.3,-0.0999999999999979,FALSE
"157","DJI_0100.MP4_00_10_50_vlc00003.png","10:50","2023-02-20 08:04:03",31.7,12.95,0.003229167,1920,"73","2023-02-20",2023-02-20 08:04:03,10,50,2023-02-20 08:14:53,649,30.7,-77.3,1,FALSE
"158","DJI_0101.MP4_00_10_17_vlc00001.png","10:17","2023-02-20 08:27:56",31.7,14.08,0.003229167,1920,"74","2023-02-20",2023-02-20 08:27:56,10,17,2023-02-20 08:38:13,616.6,25,-89.9,6.7,TRUE
"159","DJI_0101.MP4_00_10_19_vlc00002.png","10:19","2023-02-20 08:27:56",25.9,12.92,0.003229167,1920,"74","2023-02-20",2023-02-20 08:27:56,10,19,2023-02-20 08:38:15,618.6,23.8,-89.9,2.1,TRUE
"160","DJI_0101.MP4_00_10_23_vlc00003.png","10:23","2023-02-20 08:27:56",24.7,11.48,0.003229167,1920,"74","2023-02-20",2023-02-20 08:27:56,10,23,2023-02-20 08:38:19,622.6,24.8,-76.6,-0.100000000000001,FALSE
"161","DJI_0102.MP4_00_04_17_vlc00001.png","4:17","2023-04-09 17:51:37",29.9,12.7,0.001640625,3840,"220","2023-04-09",2023-04-09 17:51:37,4,17,2023-04-09 17:55:54,598.4,29.9,-90,0,TRUE
"162","DJI_0102.MP4_00_04_22_vlc00002.png","4:22","2023-04-09 17:51:37",29.4,12.2,0.001640625,3840,"220","2023-04-09",2023-04-09 17:51:37,4,22,2023-04-09 17:55:59,603.4,29.7,-89.9,-0.300000000000001,TRUE
"163","DJI_0102.MP4_00_04_25_vlc00003.png","4:25","2023-04-09 17:51:37",29.9,11.97,0.001640625,3840,"220","2023-04-09",2023-04-09 17:51:37,4,25,2023-04-09 17:56:02,606.4,29.4,-89.9,0.5,TRUE
"164","DJI_0103.MP4_00_07_50_vlc00001.png","7:50","2023-02-20 13:32:46",119.7,11.59,0.003229167,1920,"76","2023-02-20",2023-02-20 13:32:46,7,50,2023-02-20 13:40:36,469.6,120.5,-62.6,-0.799999999999997,FALSE
"165","DJI_0103.MP4_00_07_54_vlc00002.png","7:54","2023-02-20 13:32:46",120.1,11.93,0.003229167,1920,"76","2023-02-20",2023-02-20 13:32:46,7,54,2023-02-20 13:40:40,473.6,119.9,-60.6,0.199999999999989,FALSE
"166","DJI_0103.MP4_00_08_11_vlc00003.png","8:11","2023-02-20 13:32:46",120,12.99,0.003229167,1920,"76","2023-02-20",2023-02-20 13:32:46,8,11,2023-02-20 13:40:57,490.6,119.9,-77,0.0999999999999943,FALSE
"167","DJI_0103.MP4_00_08_14_vlc00004.png","8:14","2023-02-20 13:32:46",120.2,12.97,0.003229167,1920,"76","2023-02-20",2023-02-20 13:32:46,8,14,2023-02-20 13:41:00,493.6,119.9,-89.9,0.299999999999997,TRUE
"168","DJI_0103.MP4_00_08_18_vlc00005.png","8:18","2023-02-20 13:32:46",119.9,13.01,0.003229167,1920,"76","2023-02-20",2023-02-20 13:32:46,8,18,2023-02-20 13:41:04,497.6,120.3,-90,-0.399999999999991,TRUE
"169","DJI_0103.MP4_00_10_20_vlc00006.png","10:20","2023-02-20 13:32:46",120.6,13.3,0.003229167,1920,"76","2023-02-20",2023-02-20 13:32:46,10,20,2023-02-20 13:43:06,619.6,120.9,-75.2,-0.300000000000011,FALSE
"170","DJI_0103.MP4_00_10_24_vlc00007.png","10:24","2023-02-20 13:32:46",119.8,13.22,0.003229167,1920,"76","2023-02-20",2023-02-20 13:32:46,10,24,2023-02-20 13:43:10,623.6,120.2,-89.9,-0.400000000000006,TRUE
"171","DJI_0107.MP4_00_10_37_vlc00001.png","10:37","2023-02-20 14:21:41",67.5,13.11,0.003229167,1920,"79","2023-02-20",2023-02-20 14:21:41,10,37,2023-02-20 14:32:18,629.7,68.6,-67,-1.09999999999999,FALSE
"172","DJI_0108.MP4_00_00_03_vlc00001.png","0:03","2023-04-10 07:42:16",30.8,12.83,0.001640625,3840,"222","2023-04-10",2023-04-10 07:42:16,0,3,2023-04-10 07:42:19,679.8,30.4,-89.9,0.400000000000002,TRUE
"173","DJI_0108.MP4_00_00_04_vlc00001.png","0:04","2023-04-10 07:42:16",30.7,12.81,0.001640625,3840,"222","2023-04-10",2023-04-10 07:42:16,0,4,2023-04-10 07:42:20,680.8,31.1,-89.9,-0.400000000000002,TRUE
"174","DJI_0108.MP4_00_00_06_vlc00002.png","0:06","2023-04-10 07:42:16",30.4,12.65,0.001640625,3840,"222","2023-04-10",2023-04-10 07:42:16,0,6,2023-04-10 07:42:22,682.8,30.9,-89.9,-0.5,TRUE
"175","DJI_0108.MP4_00_00_08_vlc00002.png","0:08","2023-04-10 07:42:16",30.4,12.63,0.001640625,3840,"222","2023-04-10",2023-04-10 07:42:16,0,8,2023-04-10 07:42:24,684.8,30.6,-89.9,-0.200000000000003,TRUE
"176","DJI_0108.MP4_00_00_10_vlc00003.png","0:10","2023-04-10 07:42:16",30.3,12.65,0.001640625,3840,"222","2023-04-10",2023-04-10 07:42:16,0,10,2023-04-10 07:42:26,686.8,30.4,-89.9,-0.0999999999999979,TRUE
"177","DJI_0108.MP4_00_00_12_vlc00003.png","0:12","2023-04-10 07:42:16",30.4,12.82,0.001640625,3840,"222","2023-04-10",2023-04-10 07:42:16,0,12,2023-04-10 07:42:28,688.8,30.3,-89.9,0.0999999999999979,TRUE
"178","DJI_0110.MP4_00_03_36_vlc00001.png","3:36","2023-04-10 07:53:24",30.3,12.54,0.001640625,3840,"222","2023-04-10",2023-04-10 07:53:24,3,36,2023-04-10 07:57:00,558.3,30,-89.9,0.300000000000001,TRUE
"179","DJI_0110.MP4_00_03_38_vlc00003.png","3:38","2023-04-10 07:53:24",30.2,12.68,0.001640625,3840,"222","2023-04-10",2023-04-10 07:53:24,3,38,2023-04-10 07:57:02,560.3,30.3,-90,-0.100000000000001,TRUE
"180","DJI_0110.MP4_00_03_46_vlc00004.png","3:46","2023-04-10 07:53:24",30.6,12.44,0.001640625,3840,"222","2023-04-10",2023-04-10 07:53:24,3,46,2023-04-10 07:57:10,568.3,30.2,-90,0.400000000000002,TRUE
"181","DJI_0110.MP4_00_03_49_vlc00005.png","3:49","2023-04-10 07:53:24",30.5,12.62,0.001640625,3840,"222","2023-04-10",2023-04-10 07:53:24,3,49,2023-04-10 07:57:13,571.3,30.6,-89.9,-0.100000000000001,TRUE
"182","DJI_0110.MP4_00_03_54_vlc00003.png","3:54","2023-04-10 07:53:24",28.9,12.83,0.001640625,3840,"222","2023-04-10",2023-04-10 07:53:24,3,54,2023-04-10 07:57:18,576.3,28.8,-89.9,0.0999999999999979,TRUE
"183","DJI_0110.MP4_00_03_56_vlc00006.png","3:56","2023-04-10 07:53:24",28.9,12.78,0.001640625,3840,"222","2023-04-10",2023-04-10 07:53:24,3,56,2023-04-10 07:57:20,578.3,28.9,-89.9,0,TRUE
"184","DJI_0113.MP4_00_00_09_vlc00001.png","0:09","2023-04-10 08:34:59",30.3,12.78,0.001640625,3840,"223","2023-04-10",2023-04-10 08:34:59,0,9,2023-04-10 08:35:08,680.8,29.7,-90,0.600000000000001,TRUE
"185","DJI_0113.MP4_00_00_11_vlc00001.png","0:11","2023-04-10 08:34:59",30,12.64,0.001640625,3840,"223","2023-04-10",2023-04-10 08:34:59,0,11,2023-04-10 08:35:10,682.8,30.3,-90,-0.300000000000001,TRUE
"186","DJI_0113.MP4_00_00_16_vlc00002.png","0:16","2023-04-10 08:34:59",30,13.35,0.001640625,3840,"223","2023-04-10",2023-04-10 08:34:59,0,16,2023-04-10 08:35:15,687.8,29.9,-90,0.100000000000001,TRUE
"187","DJI_0113.MP4_00_00_18_vlc00003.png","0:18","2023-04-10 08:34:59",29.7,12.86,0.001640625,3840,"223","2023-04-10",2023-04-10 08:34:59,0,18,2023-04-10 08:35:17,689.8,30,-89.9,-0.300000000000001,TRUE
"188","DJI_0117.MP4_00_08_50_vlc00001.png","8:50","2023-02-20 17:54:39",54,12.47,0.003229167,1920,"85","2023-02-20",2023-02-20 17:54:39,8,50,2023-02-20 18:03:29,568.1,52,-89.9,2,TRUE
"189","DJI_0118.MP4_00_00_08_vlc00001.png","0:08","2023-04-10 09:20:04",33,13.45,0.001640625,3840,"225","2023-04-10",2023-04-10 09:20:04,0,8,2023-04-10 09:20:12,658.4,30.3,-89.9,2.7,TRUE
"190","DJI_0118.MP4_00_00_16_vlc00001.png","0:16","2023-04-10 09:20:04",30.7,13.42,0.001640625,3840,"225","2023-04-10",2023-04-10 09:20:04,0,16,2023-04-10 09:20:20,666.4,31.2,-89.9,-0.5,TRUE
"191","DJI_0118.MP4_00_00_18_vlc00002.png","0:18","2023-04-10 09:20:04",30.5,13.3,0.001640625,3840,"225","2023-04-10",2023-04-10 09:20:04,0,18,2023-04-10 09:20:22,668.3,30.8,-89.9,-0.300000000000001,TRUE
"192","DJI_0118.MP4_00_00_25_vlc00003.png","0:25","2023-04-10 09:20:04",30.8,12.36,0.001640625,3840,"225","2023-04-10",2023-04-10 09:20:04,0,25,2023-04-10 09:20:29,675.3,30.4,-89.9,0.400000000000002,TRUE
"193","DJI_0121.MP4_00_03_34_vlc00001.png","3:34","2023-04-10 10:25:12",30.7,13.46,0.001640625,3840,"227","2023-04-10",2023-04-10 10:25:12,3,34,2023-04-10 10:28:46,545.6,30.7,-89.9,0,TRUE
"194","DJI_0121.MP4_00_03_46_vlc00002.png","3:46","2023-04-10 10:25:12",30.7,13.23,0.001640625,3840,"227","2023-04-10",2023-04-10 10:25:12,3,46,2023-04-10 10:28:58,557.7,30.9,-90,-0.199999999999999,TRUE
"195","DJI_0121.MP4_00_03_48_vlc00003.png","3:48","2023-04-10 10:25:12",30.7,13.01,0.001640625,3840,"227","2023-04-10",2023-04-10 10:25:12,3,48,2023-04-10 10:29:00,559.7,30.7,-90,0,TRUE
"196","DJI_0121.MP4_00_03_49_vlc00004.png","3:49","2023-04-10 10:25:12",30.8,13.04,0.001640625,3840,"227","2023-04-10",2023-04-10 10:25:12,3,49,2023-04-10 10:29:01,560.6,30.7,-89.9,0.100000000000001,TRUE
"197","DJI_0121.MP4_00_03_52_vlc00005.png","3:52","2023-04-10 10:25:12",31,13.09,0.001640625,3840,"227","2023-04-10",2023-04-10 10:25:12,3,52,2023-04-10 10:29:04,563.7,30.8,-89.9,0.199999999999999,TRUE
"198","DJI_0121.MP4_00_03_54_vlc00005.png","3:54","2023-04-10 10:25:12",31,13.36,0.001640625,3840,"227","2023-04-10",2023-04-10 10:25:12,3,54,2023-04-10 10:29:06,565.6,30.9,-89.9,0.100000000000001,TRUE
"199","DJI_0121.MP4_00_03_58_vlc00006.png","3:58","2023-04-10 10:25:12",30.6,13.2,0.001640625,3840,"227","2023-04-10",2023-04-10 10:25:12,3,58,2023-04-10 10:29:10,569.7,30.7,-89.9,-0.0999999999999979,TRUE
"200","DJI_0122.MP4_00_00_04_vlc00001.png","0:04","2023-02-20 18:30:23",31.9,10.48,0.003229167,1920,"87","2023-02-20",2023-02-20 18:30:23,0,4,2023-02-20 18:30:27,243.7,34.6,-56.4,-2.7,FALSE
"201","DJI_0126.MP4_00_00_03_vlc00001.png","0:03","2023-04-10 11:04:18",30,13.88,0.001640625,3840,"228","2023-04-10",2023-04-10 11:04:18,0,3,2023-04-10 11:04:21,666.7,29.9,-90,0.100000000000001,TRUE
"202","DJI_0126.MP4_00_00_15_vlc00002.png","0:15","2023-04-10 11:04:18",29.7,13.36,0.001640625,3840,"228","2023-04-10",2023-04-10 11:04:18,0,15,2023-04-10 11:04:33,678.6,29.8,-89.9,-0.100000000000001,TRUE
"203","DJI_0126.MP4_00_00_20_vlc00002.png","0:20","2023-04-10 11:04:18",29.7,13.39,0.001640625,3840,"228","2023-04-10",2023-04-10 11:04:18,0,20,2023-04-10 11:04:38,683.6,29.7,-90,0,TRUE
"204","DJI_0126.MP4_00_00_22_vlc00003.png","0:22","2023-04-10 11:04:18",29.7,13.29,0.001640625,3840,"228","2023-04-10",2023-04-10 11:04:18,0,22,2023-04-10 11:04:40,685.6,29.7,-90,0,TRUE
"205","DJI_0126.MP4_00_00_24_vlc00004.png","0:24","2023-04-10 11:04:18",29.7,13.12,0.001640625,3840,"228","2023-04-10",2023-04-10 11:04:18,0,24,2023-04-10 11:04:42,687.6,29.7,-90,0,TRUE
"206","DJI_0126.MP4_00_00_30_vlc00006.png","0:30","2023-04-10 11:04:18",29.3,13.32,0.001640625,3840,"228","2023-04-10",2023-04-10 11:04:18,0,30,2023-04-10 11:04:48,693.6,29.6,-89.9,-0.300000000000001,TRUE
"207","DJI_0135.MP4_00_00_00_vlc00001.png","0:00","2023-02-21 07:40:41",63.7,13.38,0.003229167,1920,"93","2023-02-21",2023-02-21 07:40:41,0,0,2023-02-21 07:40:41,49.8,64.2,-90,-0.5,TRUE
"208","DJI_0135.MP4_00_03_26_vlc00002.png","3:26","2023-04-10 18:03:37",30.4,12.25,0.001640625,3840,"231","2023-04-10",2023-04-10 18:03:37,3,26,2023-04-10 18:07:03,559.4,30.2,-90,0.199999999999999,TRUE
"209","DJI_0135.MP4_00_03_29_vlc00003.png","3:29","2023-04-10 18:03:37",30.7,12.16,0.001640625,3840,"231","2023-04-10",2023-04-10 18:03:37,3,29,2023-04-10 18:07:06,562.4,30.2,-89.9,0.5,TRUE
"210","DJI_0135.MP4_00_03_31_vlc00004.png","3:31","2023-04-10 18:03:37",29.7,12.02,0.001640625,3840,"231","2023-04-10",2023-04-10 18:03:37,3,31,2023-04-10 18:07:08,564.4,30.6,-90,-0.900000000000002,TRUE
"211","DJI_0135.MP4_00_03_36_vlc00005.png","3:36","2023-04-10 18:03:37",29.3,11.64,0.001640625,3840,"231","2023-04-10",2023-04-10 18:03:37,3,36,2023-04-10 18:07:13,569.4,30.1,-84.8,-0.800000000000001,FALSE
"212","DJI_0135.MP4_00_06_20_vlc00001.png","6:20","2023-02-21 07:40:41",101.3,13.3,0.003229167,1920,"93","2023-02-21",2023-02-21 07:40:41,6,20,2023-02-21 07:47:01,429.8,102.1,-89.9,-0.799999999999997,TRUE
"213","DJI_0135.MP4_00_06_29_vlc00002.png","6:29","2023-02-21 07:40:41",100.7,13.68,0.003229167,1920,"93","2023-02-21",2023-02-21 07:40:41,6,29,2023-02-21 07:47:10,438.8,101.4,-89.9,-0.700000000000003,TRUE
"214","DJI_0135.MP4_00_06_33_vlc00003.png","6:33","2023-02-21 07:40:41",100.5,13.66,0.003229167,1920,"93","2023-02-21",2023-02-21 07:40:41,6,33,2023-02-21 07:47:14,442.9,100.7,-90,-0.200000000000003,TRUE
"215","DJI_0135.MP4_00_06_47_vlc00004.png","6:47","2023-02-21 07:40:41",100.8,13.9,0.003229167,1920,"93","2023-02-21",2023-02-21 07:40:41,6,47,2023-02-21 07:47:28,456.9,100.6,-90,0.200000000000003,TRUE
"216","DJI_0135.MP4_00_06_54_vlc00005.png","6:54","2023-02-21 07:40:41",100.9,13.77,0.003229167,1920,"93","2023-02-21",2023-02-21 07:40:41,6,54,2023-02-21 07:47:35,463.8,100.7,-90,0.200000000000003,TRUE
"217","DJI_0140.MP4_00_09_24_vlc00001.png","9:24","2023-02-21 09:06:24",82.5,12.41,0.003229167,1920,"98","2023-02-21",2023-02-21 09:06:24,9,24,2023-02-21 09:15:48,663.4,82.2,-90,0.299999999999997,TRUE
"218","DJI_0146.MP4_00_03_11_vlc00001.png","3:11","2023-04-11 07:03:18",31.2,12.69,0.001640625,3840,"236","2023-04-11",2023-04-11 07:03:18,3,11,2023-04-11 07:06:29,533.9,31.2,-90,0,TRUE
"219","DJI_0146.MP4_00_03_20_vlc00002.png","3:20","2023-04-11 07:03:18",30.9,13.12,0.001640625,3840,"236","2023-04-11",2023-04-11 07:03:18,3,20,2023-04-11 07:06:38,542.9,31.1,-90,-0.200000000000003,TRUE
"220","DJI_0146.MP4_00_03_22_vlc00003.png","3:22","2023-04-11 07:03:18",30.7,12.87,0.001640625,3840,"236","2023-04-11",2023-04-11 07:03:18,3,22,2023-04-11 07:06:40,544.9,30.9,-90,-0.199999999999999,TRUE
"221","DJI_0146.MP4_00_03_29_vlc00004.png","3:29","2023-04-11 07:03:18",30.9,13.51,0.001640625,3840,"236","2023-04-11",2023-04-11 07:03:18,3,29,2023-04-11 07:06:47,551.9,31,-89.9,-0.100000000000001,TRUE
"222","DJI_0146.MP4_00_03_39_vlc00005.png","3:39","2023-04-11 07:03:18",31.6,13.3,0.001640625,3840,"236","2023-04-11",2023-04-11 07:03:18,3,39,2023-04-11 07:06:57,561.9,31.2,-89.9,0.400000000000002,TRUE
"223","DJI_0146.MP4_00_03_41_vlc00006.png","3:41","2023-04-11 07:03:18",30.6,13.05,0.001640625,3840,"236","2023-04-11",2023-04-11 07:03:18,3,41,2023-04-11 07:06:59,563.9,31.3,-89.9,-0.699999999999999,TRUE
"224","DJI_0146.MP4_00_04_00_vlc00008.png","4:00","2023-04-11 07:03:18",30.5,13.51,0.001640625,3840,"236","2023-04-11",2023-04-11 07:03:18,4,0,2023-04-11 07:07:18,582.9,31.1,-89.9,-0.600000000000001,TRUE
"225","DJI_0146.MP4_00_06_10_vlc00002.png","6:10","2023-02-21 14:29:17",65.3,12.4,0.003229167,1920,"102","2023-02-21",2023-02-21 14:29:17,6,10,2023-02-21 14:35:27,372.8,67.3,-90,-2,TRUE
"226","DJI_0146.MP4_00_06_17_vlc00003.png","6:17","2023-02-21 14:29:17",66.4,12.69,0.003229167,1920,"102","2023-02-21",2023-02-21 14:29:17,6,17,2023-02-21 14:35:34,379.8,66.5,-90,-0.0999999999999943,TRUE
"227","DJI_0146.MP4_00_11_32_vlc00004.png","11:32","2023-02-21 14:29:17",34,12.54,0.003229167,1920,"102","2023-02-21",2023-02-21 14:29:17,11,32,2023-02-21 14:40:49,694.8,36.1,-67.6,-2.1,FALSE
"228","DJI_0146.MP4_00_11_46_vlc00005.png","11:46","2023-02-21 14:29:17",23.6,10.92,0.003229167,1920,"102","2023-02-21",2023-02-21 14:29:17,11,46,2023-02-21 14:41:03,708.8,24.5,-67.6,-0.899999999999999,FALSE
"229","DJI_0149.MP4_00_02_53_vlc00001.png","2:53","2023-02-21 15:18:59",121,13.68,0.003229167,1920,"105","2023-02-21",2023-02-21 15:18:59,2,53,2023-02-21 15:21:52,169.1,120.9,-78.4,0.0999999999999943,FALSE
"230","DJI_0149.MP4_00_02_58_vlc00002.png","2:58","2023-02-21 15:18:59",121,13.28,0.003229167,1920,"105","2023-02-21",2023-02-21 15:18:59,2,58,2023-02-21 15:21:57,174.1,120.9,-78.4,0.0999999999999943,FALSE
"231","DJI_0149.MP4_00_03_01_vlc00003.png","3:01","2023-02-21 15:18:59",121,13.23,0.003229167,1920,"105","2023-02-21",2023-02-21 15:18:59,3,1,2023-02-21 15:22:00,177.1,121,-78.4,0,FALSE
"232","DJI_0149.MP4_00_03_04_vlc00004.png","3:04","2023-02-21 15:18:59",120.9,13.12,0.003229167,1920,"105","2023-02-21",2023-02-21 15:18:59,3,4,2023-02-21 15:22:03,180.1,120.9,-78.4,0,FALSE
"233","DJI_0149.MP4_00_05_03_vlc00005.png","5:03","2023-02-21 15:18:59",142.4,12.2,0.003229167,1920,"105","2023-02-21",2023-02-21 15:18:59,5,3,2023-02-21 15:24:02,299.1,142.4,-76.4,0,FALSE
"234","DJI_0149.MP4_00_05_11_vlc00006.png","5:11","2023-02-21 15:18:59",142.3,11.27,0.003229167,1920,"105","2023-02-21",2023-02-21 15:18:59,5,11,2023-02-21 15:24:10,307.1,142.4,-67.4,-0.0999999999999943,FALSE
"235","DJI_0149.MP4_00_05_19_vlc00007.png","5:19","2023-02-21 15:18:59",142.3,11.5,0.003229167,1920,"105","2023-02-21",2023-02-21 15:18:59,5,19,2023-02-21 15:24:18,315.1,142.3,-67.4,0,FALSE
"236","DJI_0149.MP4_00_05_29_vlc00008.png","5:29","2023-02-21 15:18:59",142.5,11.55,0.003229167,1920,"105","2023-02-21",2023-02-21 15:18:59,5,29,2023-02-21 15:24:28,325.1,142.4,-67.4,0.0999999999999943,FALSE
"237","DJI_0149.MP4_00_05_38_vlc00009.png","5:38","2023-02-21 15:18:59",142.5,11.55,0.003229167,1920,"105","2023-02-21",2023-02-21 15:18:59,5,38,2023-02-21 15:24:37,334.1,142.5,-67.4,0,FALSE
"238","DJI_0149.MP4_00_05_44_vlc00010.png","5:44","2023-02-21 15:18:59",142.8,11.47,0.003229167,1920,"105","2023-02-21",2023-02-21 15:18:59,5,44,2023-02-21 15:24:43,340.1,142.5,-67.4,0.300000000000011,FALSE
"239","DJI_0149.MP4_00_10_22_vlc00011.png","10:22","2023-02-21 15:18:59",105.6,13.48,0.003229167,1920,"105","2023-02-21",2023-02-21 15:18:59,10,22,2023-02-21 15:29:21,618.1,105.7,-89.9,-0.100000000000009,TRUE
"240","DJI_0149.MP4_00_10_26_vlc00012.png","10:26","2023-02-21 15:18:59",105.7,13.45,0.003229167,1920,"105","2023-02-21",2023-02-21 15:18:59,10,26,2023-02-21 15:29:25,622.1,105.6,-90,0.100000000000009,TRUE
"241","DJI_0149.MP4_00_10_36_vlc00013.png","10:36","2023-02-21 15:18:59",105.7,13.5,0.003229167,1920,"105","2023-02-21",2023-02-21 15:18:59,10,36,2023-02-21 15:29:35,632.1,105.7,-89.9,0,TRUE
"242","DJI_0149.MP4_00_10_42_vlc00014.png","10:42","2023-02-21 15:18:59",105.8,13.5,0.003229167,1920,"105","2023-02-21",2023-02-21 15:18:59,10,42,2023-02-21 15:29:41,638.1,105.7,-90,0.0999999999999943,TRUE
"243","DJI_0149.MP4_00_10_53_vlc00015.png","10:53","2023-02-21 15:18:59",105.7,13.35,0.003229167,1920,"105","2023-02-21",2023-02-21 15:18:59,10,53,2023-02-21 15:29:52,649.1,105.6,-89.9,0.100000000000009,TRUE
"244","DJI_0149.MP4_00_10_59_vlc00016.png","10:59","2023-02-21 15:18:59",105.8,13.36,0.003229167,1920,"105","2023-02-21",2023-02-21 15:18:59,10,59,2023-02-21 15:29:58,655.1,105.6,-90,0.200000000000003,TRUE
"245","DJI_0149.MP4_00_11_09_vlc00017.png","11:09","2023-02-21 15:18:59",105.6,13.23,0.003229167,1920,"105","2023-02-21",2023-02-21 15:18:59,11,9,2023-02-21 15:30:08,665.1,105.6,-89.9,0,TRUE
"246","DJI_0149.MP4_00_11_13_vlc00018.png","11:13","2023-02-21 15:18:59",105.7,13.34,0.003229167,1920,"105","2023-02-21",2023-02-21 15:18:59,11,13,2023-02-21 15:30:12,669.1,105.6,-89.9,0.100000000000009,TRUE
"247","DJI_0149.MP4_00_11_24_vlc00019.png","11:24","2023-02-21 15:18:59",105.6,13.4,0.003229167,1920,"105","2023-02-21",2023-02-21 15:18:59,11,24,2023-02-21 15:30:23,680.1,105.7,-89.9,-0.100000000000009,TRUE
"248","DJI_0150.MP4_00_01_15_vlc00001.png","1:15","2023-04-11 07:25:32",29.8,11.97,0.001640625,3840,"236","2023-04-11",2023-04-11 07:25:32,1,15,2023-04-11 07:26:47,731.2,29.7,-89.9,0.100000000000001,TRUE
"249","DJI_0150.MP4_00_11_09_vlc00001.png","11:09","2023-02-21 15:36:22",86.1,13.46,0.003229167,1920,"106","2023-02-21",2023-02-21 15:36:22,11,9,2023-02-21 15:47:31,659.6,85.3,-67.8,0.799999999999997,FALSE
"250","DJI_0153.MP4_00_09_03_vlc00001.png","9:03","2023-02-22 08:39:00",51.2,12.01,0.003229167,1920,"109","2023-02-22",2023-02-22 08:39:00,9,3,2023-02-22 08:48:03,545.9,49.7,-62.1,1.5,FALSE
"251","DJI_0154.MP4_00_10_01_vlc00001.png","10:01","2023-02-22 08:54:55",47.4,13.31,0.003229167,1920,"110","2023-02-22",2023-02-22 08:54:55,10,1,2023-02-22 09:04:56,631.9,47.8,-89.6,-0.399999999999999,TRUE
"252","DJI_0155.MP4_00_11_07_vlc00001.png","11:07","2023-02-22 09:11:59",62.1,12.24,0.003229167,1920,"111","2023-02-22",2023-02-22 09:11:59,11,7,2023-02-22 09:23:06,671.6,61.5,-69.5,0.600000000000001,FALSE
"253","DJI_0155.MP4_00_11_28_vlc00002.png","11:28","2023-02-22 09:11:59",25.7,10.86,0.003229167,1920,"111","2023-02-22",2023-02-22 09:11:59,11,28,2023-02-22 09:23:27,692.6,26.6,-69.5,-0.900000000000002,FALSE
"254","DJI_0155.MP4_00_11_32_vlc00003.png","11:32","2023-02-22 09:11:59",26,11.14,0.003229167,1920,"111","2023-02-22",2023-02-22 09:11:59,11,32,2023-02-22 09:23:31,696.6,25.9,-69.5,0.100000000000001,FALSE
"255","DJI_0156.MP4_00_08_15_vlc00001.png","8:15","2023-02-22 09:30:25",73.4,13.48,0.003229167,1920,"112","2023-02-22",2023-02-22 09:30:25,8,15,2023-02-22 09:38:40,496.7,83.3,-68.8,-9.89999999999999,FALSE
"256","DJI_0158.MP4_00_05_00_vlc00001.png","5:00","2023-04-11 08:15:33",30.7,12.78,0.001640625,3840,"237","2023-04-11",2023-04-11 08:15:33,5,0,2023-04-11 08:20:33,626.5,30.9,-90,-0.199999999999999,TRUE
"257","DJI_0158.MP4_00_05_03_vlc00002.png","5:03","2023-04-11 08:15:33",30.4,13.05,0.001640625,3840,"237","2023-04-11",2023-04-11 08:15:33,5,3,2023-04-11 08:20:36,629.5,31,-89.9,-0.600000000000001,TRUE
"258","DJI_0158.MP4_00_08_53_vlc00002.png","8:53","2023-02-22 10:15:04",52.9,13.17,0.003229167,1920,"114","2023-02-22",2023-02-22 10:15:04,8,53,2023-02-22 10:23:57,561.3,53.3,-66.5,-0.399999999999999,FALSE
"259","DJI_0160.MP4_00_11_03_vlc00001.png","11:03","2023-02-22 10:49:58",86.2,12.05,0.003229167,1920,"115","2023-02-22",2023-02-22 10:49:58,11,3,2023-02-22 11:01:01,679.8,84.1,-74.6,2.10000000000001,FALSE
"260","DJI_0161.MP4_00_04_20_vlc00001.png","4:20","2023-04-11 08:33:33",32.9,12.7,0.001640625,3840,"238","2023-04-11",2023-04-11 08:33:33,4,20,2023-04-11 08:37:53,583.6,31.8,-89.9,1.1,TRUE
"261","DJI_0161.MP4_00_04_35_vlc00003.png","4:35","2023-04-11 08:33:33",32.5,13.5,0.001640625,3840,"238","2023-04-11",2023-04-11 08:33:33,4,35,2023-04-11 08:38:08,598.6,32.2,-89.9,0.299999999999997,TRUE
"262","DJI_0162.MP4_00_11_35_vlc00001.png","11:35","2023-02-22 15:40:59",57.2,12.94,0.003229167,1920,"117","2023-02-22",2023-02-22 15:40:59,11,35,2023-02-22 15:52:34,691.8,56.6,-57.9,0.600000000000001,FALSE
"263","DJI_0162.MP4_00_11_40_vlc00002.png","11:40","2023-02-22 15:40:59",58.6,12.12,0.003229167,1920,"117","2023-02-22",2023-02-22 15:40:59,11,40,2023-02-22 15:52:39,696.8,57.8,-55.8,0.800000000000004,FALSE
"264","DJI_0166.MP4_00_03_47_vlc00001.png","3:47","2023-02-22 16:06:03",141.5,13.8,0.001640625,3840,"119","2023-02-22",2023-02-22 16:06:03,3,47,2023-02-22 16:09:50,218.8,138.9,-86.2,2.59999999999999,FALSE
"265","DJI_0167.MP4_00_04_34_vlc00001.png","4:34","2023-04-11 15:16:04",34.6,13.38,0.001640625,3840,"240","2023-04-11",2023-04-11 15:16:04,4,34,2023-04-11 15:20:38,599.2,34.9,-79.5,-0.299999999999997,FALSE
"266","DJI_0167.MP4_00_04_43_vlc00003.png","4:43","2023-04-11 15:16:04",33.6,13.31,0.001640625,3840,"240","2023-04-11",2023-04-11 15:16:04,4,43,2023-04-11 15:20:47,608.2,33.4,-89.9,0.200000000000003,TRUE
"267","DJI_0167.MP4_00_04_50_vlc00002.png","4:50","2023-02-22 16:11:31",56,12.05,0.001640625,3840,"119","2023-02-22",2023-02-22 16:11:31,4,50,2023-02-22 16:16:21,609.8,57.5,-66.4,-1.5,FALSE
"268","DJI_0167.MP4_00_04_53_vlc00004.png","4:53","2023-04-11 15:16:04",34.3,13.12,0.001640625,3840,"240","2023-04-11",2023-04-11 15:16:04,4,53,2023-04-11 15:20:57,618.2,34.2,-90,0.0999999999999943,TRUE
"269","DJI_0167.MP4_00_04_58_vlc00003.png","4:58","2023-02-22 16:11:31",43.9,11.86,0.001640625,3840,"119","2023-02-22",2023-02-22 16:11:31,4,58,2023-02-22 16:16:29,617.8,43.1,-66.4,0.799999999999997,FALSE
"270","DJI_0171.MP4_00_00_07_vlc00001.png","0:07","2023-04-11 15:38:12",50.1,13.13,0.001640625,3840,"240","2023-04-11",2023-04-11 15:38:12,0,7,2023-04-11 15:38:19,677,50.2,-89.9,-0.100000000000001,TRUE
"271","DJI_0171.MP4_00_00_13_vlc00002.png","0:13","2023-04-11 15:38:12",50.3,12.89,0.001640625,3840,"240","2023-04-11",2023-04-11 15:38:12,0,13,2023-04-11 15:38:25,683,50.2,-89.9,0.0999999999999943,TRUE
"272","DJI_0171.MP4_00_00_15_vlc00003.png","0:15","2023-04-11 15:38:12",50.3,13.01,0.001640625,3840,"240","2023-04-11",2023-04-11 15:38:12,0,15,2023-04-11 15:38:27,685,50.2,-89.9,0.0999999999999943,TRUE
"273","DJI_0171.MP4_00_10_42_vlc00001.png","10:42","2023-02-22 16:30:49",57.7,13.43,0.003229167,1920,"120","2023-02-22",2023-02-22 16:30:49,10,42,2023-02-22 16:41:31,610.4,23.3,-90,34.4,TRUE
"274","DJI_0172.MP4_00_10_46_vlc00001.png","10:46","2023-02-22 16:52:13",54.5,12.57,0.003229167,1920,"121","2023-02-22",2023-02-22 16:52:13,10,46,2023-02-22 17:02:59,702,54.2,-90,0.299999999999997,TRUE
"275","DJI_0174.MP4_00_00_44_vlc00001.png","0:44","2023-04-11 15:55:53",58.5,13.4,0.001640625,3840,"240","2023-04-11",2023-04-11 15:55:53,0,44,2023-04-11 15:56:37,695.5,58,-90,0.5,TRUE
"276","DJI_0177.MP4_00_00_04_vlc00001.png","0:04","2023-04-11 16:17:54",51.4,13.48,0.001640625,3840,"241","2023-04-11",2023-04-11 16:17:54,0,4,2023-04-11 16:17:58,659,51.4,-90,0,TRUE
"277","DJI_0177.MP4_00_00_06_vlc00002.png","0:06","2023-04-11 16:17:54",51.1,13.55,0.001640625,3840,"241","2023-04-11",2023-04-11 16:17:54,0,6,2023-04-11 16:18:00,661,51.4,-89.9,-0.299999999999997,TRUE
"278","DJI_0177.MP4_00_00_22_vlc00003.png","0:22","2023-04-11 16:17:54",50.5,13.42,0.001640625,3840,"241","2023-04-11",2023-04-11 16:17:54,0,22,2023-04-11 16:18:16,676.9,50.5,-89.9,0,TRUE
"279","DJI_0180.MP4_00_09_18_vlc00001.png","9:18","2023-02-23 08:38:00",71.7,12.81,0.003229167,1920,"126","2023-02-23",2023-02-23 08:38:00,9,18,2023-02-23 08:47:18,600,72.9,-82.7,-1.2,FALSE
"280","DJI_0180.MP4_00_09_21_vlc00002.png","9:21","2023-02-23 08:38:00",70.7,12.61,0.003229167,1920,"126","2023-02-23",2023-02-23 08:38:00,9,21,2023-02-23 08:47:21,603,72.8,-82.7,-2.09999999999999,FALSE
"281","DJI_0180.MP4_00_09_25_vlc00003.png","9:25","2023-02-23 08:38:00",71.4,12.61,0.003229167,1920,"126","2023-02-23",2023-02-23 08:38:00,9,25,2023-02-23 08:47:25,607,73.1,-82.7,-1.69999999999999,FALSE
"282","DJI_0180.MP4_00_09_28_vlc00004.png","9:28","2023-02-23 08:38:00",72,12.38,0.003229167,1920,"126","2023-02-23",2023-02-23 08:38:00,9,28,2023-02-23 08:47:28,610,73.1,-82.7,-1.09999999999999,FALSE
"283","DJI_0180.MP4_00_09_40_vlc00005.png","9:40","2023-02-23 08:38:00",71.9,12.17,0.003229167,1920,"126","2023-02-23",2023-02-23 08:38:00,9,40,2023-02-23 08:47:40,622,71.7,-82.7,0.200000000000003,FALSE
"284","DJI_0184.MP4_00_05_04_vlc00001.png","5:04","2023-02-23 09:20:50",75.1,13.01,0.003229167,1920,"128","2023-02-23",2023-02-23 09:20:50,5,4,2023-02-23 09:25:54,597.8,72.2,-90,2.89999999999999,TRUE
"285","DJI_0184.MP4_00_05_06_vlc00002.png","5:06","2023-02-23 09:20:50",74.1,12.06,0.003229167,1920,"128","2023-02-23",2023-02-23 09:20:50,5,6,2023-02-23 09:25:56,599.8,74,-69,0.0999999999999943,FALSE
"286","DJI_0185.MP4_00_00_26_vlc00001.png","0:26","2023-04-11 17:06:40",31.2,12.73,0.001640625,3840,"243","2023-04-11",2023-04-11 17:06:40,0,26,2023-04-11 17:07:06,375.2,31,-89.9,0.199999999999999,TRUE
"287","DJI_0185.MP4_00_00_31_vlc00003.png","0:31","2023-04-11 17:06:40",30.8,12.85,0.001640625,3840,"243","2023-04-11",2023-04-11 17:06:40,0,31,2023-04-11 17:07:11,380.2,30.7,-89.9,0.100000000000001,TRUE
"288","DJI_0185.MP4_00_00_38_vlc00004.png","0:38","2023-04-11 17:06:40",31,13.16,0.001640625,3840,"243","2023-04-11",2023-04-11 17:06:40,0,38,2023-04-11 17:07:18,387.2,31.1,-89.9,-0.100000000000001,TRUE
"289","DJI_0185.MP4_00_00_40_vlc00005.png","0:40","2023-04-11 17:06:40",30.9,12.93,0.001640625,3840,"243","2023-04-11",2023-04-11 17:06:40,0,40,2023-04-11 17:07:20,389.2,31,-89.9,-0.100000000000001,TRUE
"290","DJI_0185.MP4_00_00_45_vlc00006.png","0:45","2023-04-11 17:06:40",31,12.87,0.001640625,3840,"243","2023-04-11",2023-04-11 17:06:40,0,45,2023-04-11 17:07:25,394.2,31,-89.9,0,TRUE
"291","DJI_0187.MP4_00_05_27_vlc00001.png","5:27","2023-04-11 17:25:03",50.8,13.29,0.001640625,3840,"244","2023-04-11",2023-04-11 17:25:03,5,27,2023-04-11 17:30:30,659.5,50.4,-89.9,0.399999999999999,TRUE
"292","DJI_0189.MP4_00_07_57_vlc00001.png","7:57","2023-02-23 15:18:36",111.3,13.6,0.003229167,1920,"133","2023-02-23",2023-02-23 15:18:36,7,57,2023-02-23 15:26:33,450.4,109.2,-67.7,2.09999999999999,FALSE
"293","DJI_0189.MP4_00_07_59_vlc00002.png","7:59","2023-02-23 15:18:36",109.1,12.92,0.003229167,1920,"133","2023-02-23",2023-02-23 15:18:36,7,59,2023-02-23 15:26:35,452.4,111.3,-67.7,-2.2,FALSE
"294","DJI_0190.MP4_00_05_15_vlc00001.png","5:15","2023-04-11 17:43:34",35.6,13.51,0.001640625,3840,"245","2023-04-11",2023-04-11 17:43:34,5,15,2023-04-11 17:48:49,643.3,35.7,-74.9,-0.100000000000001,FALSE
"295","DJI_0190.MP4_00_05_17_vlc00002.png","5:17","2023-04-11 17:43:34",35.5,13.67,0.001640625,3840,"245","2023-04-11",2023-04-11 17:43:34,5,17,2023-04-11 17:48:51,645.3,35.6,-90,-0.100000000000001,TRUE
"296","DJI_0190.MP4_00_05_25_vlc00003.png","5:25","2023-04-11 17:43:34",35.6,13.08,0.001640625,3840,"245","2023-04-11",2023-04-11 17:43:34,5,25,2023-04-11 17:48:59,653.3,35.4,-90,0.200000000000003,TRUE
"297","DJI_0191.MP4_00_00_08_vlc00001.png","0:08","2023-04-11 17:49:01",35.3,13.63,0.001640625,3840,"245","2023-04-11",2023-04-11 17:49:01,0,8,2023-04-11 17:49:09,663.3,35.4,-89.9,-0.100000000000001,TRUE
"298","DJI_0193.MP4_00_03_31_vlc00001.png","3:31","2023-04-11 18:01:51",31.2,13.22,0.001640625,3840,"245","2023-04-11",2023-04-11 18:01:51,3,31,2023-04-11 18:05:22,560.2,31.2,-89.9,0,TRUE
"299","DJI_0194.MP4_00_07_54_vlc00001.png","7:54","2023-03-08 13:08:14",31.4,12.17,0.003229167,1920,"136","2023-03-08",2023-03-08 13:08:14,7,54,2023-03-08 13:16:08,NA,NA,NA,NA,NA
"300","DJI_0194.MP4_00_07_57_vlc00002.png","7:57","2023-03-08 13:08:14",30.6,12.03,0.003229167,1920,"136","2023-03-08",2023-03-08 13:08:14,7,57,2023-03-08 13:16:11,NA,NA,NA,NA,NA
"301","DJI_0194.MP4_00_08_01_vlc00003.png","8:01","2023-03-08 13:08:14",30.4,12.13,0.003229167,1920,"136","2023-03-08",2023-03-08 13:08:14,8,1,2023-03-08 13:16:15,NA,NA,NA,NA,NA
"302","DJI_0194.MP4_00_08_04_vlc00004.png","8:04","2023-03-08 13:08:14",29.9,12.37,0.003229167,1920,"136","2023-03-08",2023-03-08 13:08:14,8,4,2023-03-08 13:16:18,NA,NA,NA,NA,NA
"303","DJI_0194.MP4_00_08_08_vlc00005.png","8:08","2023-03-08 13:08:14",30.4,12.08,0.003229167,1920,"136","2023-03-08",2023-03-08 13:08:14,8,8,2023-03-08 13:16:22,NA,NA,NA,NA,NA
"304","DJI_0195.MP4_00_06_07_vlc00001.png","6:07","2023-03-08 14:25:06",31.8,12.1,0.003229167,1920,"137","2023-03-08",2023-03-08 14:25:06,6,7,2023-03-08 14:31:13,NA,NA,NA,NA,NA
"305","DJI_0195.MP4_00_06_11_vlc00001.png","6:11","2023-03-08 14:25:06",31.6,12.26,0.003229167,1920,"137","2023-03-08",2023-03-08 14:25:06,6,11,2023-03-08 14:31:17,NA,NA,NA,NA,NA
"306","DJI_0195.MP4_00_06_15_vlc00002.png","6:15","2023-03-08 14:25:06",30.7,12.3,0.003229167,1920,"137","2023-03-08",2023-03-08 14:25:06,6,15,2023-03-08 14:31:21,NA,NA,NA,NA,NA
"307","DJI_0195.MP4_00_06_19_vlc00003.png","6:19","2023-03-08 14:25:06",30.3,12.17,0.003229167,1920,"137","2023-03-08",2023-03-08 14:25:06,6,19,2023-03-08 14:31:25,NA,NA,NA,NA,NA
"308","DJI_0197.MP4_00_04_19_vlc00001.png","4:19","2023-03-22 07:30:11",53.9,12.93,0.001640625,3840,"138","2023-03-22",2023-03-22 07:30:11,4,19,2023-03-22 07:34:30,591.9,52.8,-73.7,1.1,FALSE
"309","DJI_0197.MP4_00_04_26_vlc00002.png","4:26","2023-03-22 07:30:11",51.3,12.67,0.001640625,3840,"138","2023-03-22",2023-03-22 07:30:11,4,26,2023-03-22 07:34:37,598.9,51.6,-89.9,-0.300000000000004,TRUE
"310","DJI_0197.MP4_00_04_30_vlc00003.png","4:30","2023-03-22 07:30:11",50.7,12.66,0.001640625,3840,"138","2023-03-22",2023-03-22 07:30:11,4,30,2023-03-22 07:34:41,602.9,50.3,-89.9,0.400000000000006,TRUE
"311","DJI_0197.MP4_00_04_34_vlc00004.png","4:34","2023-03-22 07:30:11",50.8,12.73,0.001640625,3840,"138","2023-03-22",2023-03-22 07:30:11,4,34,2023-03-22 07:34:45,606.9,50.7,-89.9,0.0999999999999943,TRUE
"312","DJI_0197.MP4_00_04_39_vlc00005.png","4:39","2023-03-22 07:30:11",51.7,12.9,0.001640625,3840,"138","2023-03-22",2023-03-22 07:30:11,4,39,2023-03-22 07:34:50,612,50.9,-89.9,0.800000000000004,TRUE
"313","DJI_0197.MP4_00_04_43_vlc00006.png","4:43","2023-03-22 07:30:11",51.4,12.57,0.001640625,3840,"138","2023-03-22",2023-03-22 07:30:11,4,43,2023-03-22 07:34:54,615.9,50.8,-90,0.600000000000001,TRUE
"314","DJI_0197.MP4_00_04_47_vlc00007.png","4:47","2023-03-22 07:30:11",51.3,12.65,0.001640625,3840,"138","2023-03-22",2023-03-22 07:30:11,4,47,2023-03-22 07:34:58,619.9,51.3,-89.9,0,TRUE
"315","DJI_0199.MP4_00_01_14_vlc00001.png","1:14","2023-04-12 06:04:27",51.4,12.91,0.001640625,3840,"246","2023-04-12",2023-04-12 06:04:27,1,14,2023-04-12 06:05:41,727.4,50.6,-90,0.799999999999997,TRUE
"316","DJI_0199.MP4_00_01_18_vlc00002.png","1:18","2023-04-12 06:04:27",51.2,12.88,0.001640625,3840,"246","2023-04-12",2023-04-12 06:04:27,1,18,2023-04-12 06:05:45,731.4,50.5,-90,0.700000000000003,TRUE
"317","DJI_0199.MP4_00_01_25_vlc00003.png","1:25","2023-04-12 06:04:27",50.9,12.6,0.001640625,3840,"246","2023-04-12",2023-04-12 06:04:27,1,25,2023-04-12 06:05:52,738.4,50.7,-89.9,0.199999999999996,TRUE
"318","DJI_0199.MP4_00_01_32_vlc00004.png","1:32","2023-04-12 06:04:27",50.9,13.03,0.001640625,3840,"246","2023-04-12",2023-04-12 06:04:27,1,32,2023-04-12 06:05:59,745.4,50.9,-90,0,TRUE
"319","DJI_0199.MP4_00_01_35_vlc00005.png","1:35","2023-04-12 06:04:27",49.9,12.86,0.001640625,3840,"246","2023-04-12",2023-04-12 06:04:27,1,35,2023-04-12 06:06:02,748.4,50.3,-89.9,-0.399999999999999,TRUE
"320","DJI_0201.MP4_00_03_22_vlc00001.png","3:22","2023-03-22 07:51:44",45.5,13.77,0.001640625,3840,"139","2023-03-22",2023-03-22 07:51:44,3,22,2023-03-22 07:55:06,663.2,43.7,-61.9,1.8,FALSE
"321","DJI_0201.MP4_00_05_26_vlc00001.png","5:26","2023-04-12 06:19:17",43.8,12.64,0.001640625,3840,"247","2023-04-12",2023-04-12 06:19:17,5,26,2023-04-12 06:24:43,649.4,43.9,-78.3,-0.100000000000001,FALSE
"322","DJI_0202.MP4_00_00_09_vlc00001.png","0:09","2023-04-12 06:24:45",43.3,12.56,0.001640625,3840,"247","2023-04-12",2023-04-12 06:24:45,0,9,2023-04-12 06:24:54,660.4,43.3,-90,0,TRUE
"323","DJI_0205.MP4_00_00_05_vlc00001.png","0:05","2023-04-12 06:41:55",42.8,12.72,0.001640625,3840,"247","2023-04-12",2023-04-12 06:41:55,0,5,2023-04-12 06:42:00,661.7,40.2,-89.9,2.59999999999999,TRUE
"324","DJI_0205.MP4_00_00_21_vlc00002.png","0:21","2023-04-12 06:41:55",40.8,12.88,0.001640625,3840,"247","2023-04-12",2023-04-12 06:41:55,0,21,2023-04-12 06:42:16,677.7,40.1,-90,0.699999999999996,TRUE
"325","DJI_0205.MP4_00_00_24_vlc00003.png","0:24","2023-04-12 06:41:55",39.7,12.05,0.001640625,3840,"247","2023-04-12",2023-04-12 06:41:55,0,24,2023-04-12 06:42:19,680.7,39.9,-89.9,-0.199999999999996,TRUE
"326","DJI_0205.MP4_00_00_27_vlc00004.png","0:27","2023-04-12 06:41:55",40.3,12.5,0.001640625,3840,"247","2023-04-12",2023-04-12 06:41:55,0,27,2023-04-12 06:42:22,683.7,40,-90,0.299999999999997,TRUE
"327","DJI_0205.MP4_00_00_29_vlc00005.png","0:29","2023-04-12 06:41:55",40.3,12.69,0.001640625,3840,"247","2023-04-12",2023-04-12 06:41:55,0,29,2023-04-12 06:42:24,685.7,40.4,-89.9,-0.100000000000001,TRUE
"328","DJI_0205.MP4_00_00_31_vlc00006.png","0:31","2023-04-12 06:41:55",40.1,12.46,0.001640625,3840,"247","2023-04-12",2023-04-12 06:41:55,0,31,2023-04-12 06:42:26,687.7,40.4,-89.9,-0.299999999999997,TRUE
"329","DJI_0205.MP4_00_00_36_vlc00007.png","0:36","2023-04-12 06:41:55",40,12.65,0.001640625,3840,"247","2023-04-12",2023-04-12 06:41:55,0,36,2023-04-12 06:42:31,692.7,39.9,-89.9,0.100000000000001,TRUE
"330","DJI_0205.MP4_00_00_38_vlc00008.png","0:38","2023-04-12 06:41:55",40.2,12.26,0.001640625,3840,"247","2023-04-12",2023-04-12 06:41:55,0,38,2023-04-12 06:42:33,694.7,39.9,-89.9,0.300000000000004,TRUE
"331","DJI_0207.MP4_00_04_01_vlc00001.png","4:01","2023-03-22 08:20:38",120.3,12.89,0.001640625,3840,"139","2023-03-22",2023-03-22 08:20:38,4,1,2023-03-22 08:24:39,281.5,121.8,-71.9,-1.5,FALSE
"332","DJI_0208.MP4_00_00_21_vlc00001.png","0:21","2023-04-12 07:00:51",48.1,12.85,0.001640625,3840,"248","2023-04-12",2023-04-12 07:00:51,0,21,2023-04-12 07:01:12,694.9,47.2,-89.9,0.899999999999999,TRUE
"333","DJI_0208.MP4_00_00_30_vlc00002.png","0:30","2023-04-12 07:00:51",46.6,12.74,0.001640625,3840,"248","2023-04-12",2023-04-12 07:00:51,0,30,2023-04-12 07:01:21,704,47.8,-89.9,-1.2,TRUE
"334","DJI_0208.MP4_00_00_34_vlc00003.png","0:34","2023-04-12 07:00:51",47.4,12.9,0.001640625,3840,"248","2023-04-12",2023-04-12 07:00:51,0,34,2023-04-12 07:01:25,708,47,-90,0.399999999999999,TRUE
"335","DJI_0208.MP4_00_00_36_vlc00004.png","0:36","2023-04-12 07:00:51",47.4,13.11,0.001640625,3840,"248","2023-04-12",2023-04-12 07:00:51,0,36,2023-04-12 07:01:27,710,47.1,-89.9,0.299999999999997,TRUE
"336","DJI_0211.MP4_00_00_02_vlc00001.png","0:02","2023-04-12 07:20:07",120.5,13.39,0.001640625,3840,"249","2023-04-12",2023-04-12 07:20:07,0,2,2023-04-12 07:20:09,654.9,121.7,-88.2,-1.2,TRUE
"337","DJI_0211.MP4_00_04_10_vlc00001.png","4:10","2023-03-22 08:42:44",55.8,13.18,0.001640625,3840,"139","2023-03-22",2023-03-22 08:42:44,4,10,2023-03-22 08:46:54,591.5,55.5,-68,0.299999999999997,FALSE
"338","DJI_0211.MP4_00_04_13_vlc00002.png","4:13","2023-03-22 08:42:44",55.7,13.24,0.001640625,3840,"139","2023-03-22",2023-03-22 08:42:44,4,13,2023-03-22 08:46:57,594.5,55.4,-90,0.300000000000004,TRUE
"339","DJI_0211.MP4_00_04_16_vlc00003.png","4:16","2023-03-22 08:42:44",55.7,13.32,0.001640625,3840,"139","2023-03-22",2023-03-22 08:42:44,4,16,2023-03-22 08:47:00,597.5,55.7,-90,0,TRUE
"340","DJI_0214.MP4_00_00_54_vlc00001.png","0:54","2023-04-12 07:37:43",43.6,13.41,0.001640625,3840,"249","2023-04-12",2023-04-12 07:37:43,0,54,2023-04-12 07:38:37,709,42.9,-89.9,0.700000000000003,TRUE
"341","DJI_0214.MP4_00_01_00_vlc00002.png","1:00","2023-04-12 07:37:43",42.8,12.66,0.001640625,3840,"249","2023-04-12",2023-04-12 07:37:43,1,0,2023-04-12 07:38:43,715,43.3,-89.9,-0.5,TRUE
"342","DJI_0214.MP4_00_01_05_vlc00004.png","1:05","2023-04-12 07:37:43",42.9,12.62,0.001640625,3840,"249","2023-04-12",2023-04-12 07:37:43,1,5,2023-04-12 07:38:48,720,42.7,-89.9,0.199999999999996,TRUE
"343","DJI_0214.MP4_00_01_08_vlc00005.png","1:08","2023-04-12 07:37:43",42.8,12.82,0.001640625,3840,"249","2023-04-12",2023-04-12 07:37:43,1,8,2023-04-12 07:38:51,723,42.9,-89.9,-0.100000000000001,TRUE
"344","DJI_0214.MP4_00_05_03_vlc00002.png","5:03","2023-03-22 08:59:06",51.5,12.75,0.001640625,3840,"139","2023-03-22",2023-03-22 08:59:06,5,3,2023-03-22 09:04:09,626.6,51.4,-89.9,0.100000000000001,TRUE
"345","DJI_0216.MP4_00_04_59_vlc00001.png","4:59","2023-04-12 07:55:45",48.4,13.48,0.001640625,3840,"250","2023-04-12",2023-04-12 07:55:45,4,59,2023-04-12 08:00:44,624.7,48.2,-76.4,0.199999999999996,FALSE
"346","DJI_0216.MP4_00_05_07_vlc00002.png","5:07","2023-04-12 07:55:45",44.4,12.85,0.001640625,3840,"250","2023-04-12",2023-04-12 07:55:45,5,7,2023-04-12 08:00:52,632.7,45.2,-87.6,-0.800000000000004,TRUE
"347","DJI_0216.MP4_00_05_09_vlc00003.png","5:09","2023-04-12 07:55:45",44.4,12.83,0.001640625,3840,"250","2023-04-12",2023-04-12 07:55:45,5,9,2023-04-12 08:00:54,634.7,44.3,-89,0.100000000000001,TRUE
"348","DJI_0220.MP4_00_03_16_vlc00001.png","3:16","2023-03-22 09:38:19",85,13.71,0.001640625,3840,"141","2023-03-22",2023-03-22 09:38:19,3,16,2023-03-22 09:41:35,619.9,85.4,-90,-0.400000000000006,TRUE
"349","DJI_0220.MP4_00_03_18_vlc00002.png","3:18","2023-03-22 09:38:19",84.7,13.66,0.001640625,3840,"141","2023-03-22",2023-03-22 09:38:19,3,18,2023-03-22 09:41:37,621.9,86.2,-88,-1.5,TRUE
"350","DJI_0223.MP4_00_05_20_vlc00001.png","5:20","2023-04-12 08:27:59",78.4,13.49,0.001640625,3840,"251","2023-04-12",2023-04-12 08:27:59,5,20,2023-04-12 08:33:19,644.1,77,-71.1,1.40000000000001,FALSE
"351","DJI_0224.MP4_00_00_16_vlc00001.png","0:16","2023-04-12 08:33:27",42.5,12.74,0.001640625,3840,"251","2023-04-12",2023-04-12 08:33:27,0,16,2023-04-12 08:33:43,668.2,42.8,-87.2,-0.299999999999997,TRUE
"352","DJI_0242.MP4_00_00_06_vlc00001.png","0:06","2023-04-12 15:46:44",32.9,13.12,0.001640625,3840,"256","2023-04-12",2023-04-12 15:46:44,0,6,2023-04-12 15:46:50,330.2,32.5,-90,0.399999999999999,TRUE
"353","DJI_0242.MP4_00_00_09_vlc00002.png","0:09","2023-04-12 15:46:44",31.7,12.56,0.001640625,3840,"256","2023-04-12",2023-04-12 15:46:44,0,9,2023-04-12 15:46:53,333.2,32.3,-89.9,-0.599999999999998,TRUE
"354","DJI_0242.MP4_00_00_11_vlc00003.png","0:11","2023-04-12 15:46:44",32.3,12.01,0.001640625,3840,"256","2023-04-12",2023-04-12 15:46:44,0,11,2023-04-12 15:46:55,335.2,31.7,-89.9,0.599999999999998,TRUE
"355","DJI_0242.MP4_00_00_15_vlc00004.png","0:15","2023-04-12 15:46:44",33.1,12.77,0.001640625,3840,"256","2023-04-12",2023-04-12 15:46:44,0,15,2023-04-12 15:46:59,339.2,32.6,-90,0.5,TRUE
"356","DJI_0242.MP4_00_00_18_vlc00005.png","0:18","2023-04-12 15:46:44",32.3,12.76,0.001640625,3840,"256","2023-04-12",2023-04-12 15:46:44,0,18,2023-04-12 15:47:02,342.2,33.1,-89.9,-0.800000000000004,TRUE
"357","DJI_0242.MP4_00_00_24_vlc00006.png","0:24","2023-04-12 15:46:44",33.3,12.84,0.001640625,3840,"256","2023-04-12",2023-04-12 15:46:44,0,24,2023-04-12 15:47:08,348.2,32.4,-89.9,0.899999999999999,TRUE
"358","DJI_0245.MP4_00_04_06_vlc00001.png","4:06","2023-04-12 17:17:42",52.5,12.93,0.001640625,3840,"258","2023-04-12",2023-04-12 17:17:42,4,6,2023-04-12 17:21:48,592.3,52.7,-65.5,-0.200000000000003,FALSE
"359","DJI_0245.MP4_00_04_17_vlc00003.png","4:17","2023-04-12 17:17:42",37.2,13.06,0.001640625,3840,"258","2023-04-12",2023-04-12 17:17:42,4,17,2023-04-12 17:21:59,603.3,39.2,-90,-2,TRUE
"360","DJI_0247.MP4_00_04_08_vlc00001.png","4:08","2023-03-22 16:47:13",49.1,13.26,0.001640625,3840,"148","2023-03-22",2023-03-22 16:47:13,4,8,2023-03-22 16:51:21,570,48,-90,1.1,TRUE
"361","DJI_0247.MP4_00_04_10_vlc00002.png","4:10","2023-03-22 16:47:13",47.4,13.16,0.001640625,3840,"148","2023-03-22",2023-03-22 16:47:13,4,10,2023-03-22 16:51:23,572,48.9,-76.6,-1.5,FALSE
"362","DJI_0249.MP4_00_00_26_vlc00003.png","0:26","2023-04-12 17:39:30",35.6,12.86,0.001640625,3840,"258","2023-04-12",2023-04-12 17:39:30,0,26,2023-04-12 17:39:56,680.7,35,-89.9,0.600000000000001,TRUE
"363","DJI_0252.MP4_00_09_35_vlc00001.png","9:35","2023-04-12 18:01:35",42.4,13.2,0.001640625,3840,"259","2023-04-12",2023-04-12 18:01:35,9,35,2023-04-12 18:11:10,570.4,42.2,-89.9,0.199999999999996,TRUE
"364","DJI_0256.MP4_00_02_01_vlc00001.png","2:01","2023-03-22 18:10:34",30.9,12.1,0.001640625,3840,"152","2023-03-22",2023-03-22 18:10:34,2,1,2023-03-22 18:12:35,475.4,30.9,-90,0,TRUE
"365","DJI_0259.MP4_00_00_04_vlc00001.png","0:04","2023-03-23 09:17:28",30.7,12.44,0.001640625,3840,"153","2023-03-23",2023-03-23 09:17:28,0,4,2023-03-23 09:17:32,669.6,30.8,-90,-0.100000000000001,TRUE
"366","DJI_0259.MP4_00_00_07_vlc00002.png","0:07","2023-03-23 09:17:28",30.5,12.33,0.001640625,3840,"153","2023-03-23",2023-03-23 09:17:28,0,7,2023-03-23 09:17:35,672.6,30.8,-89.9,-0.300000000000001,TRUE
"367","DJI_0259.MP4_00_00_10_vlc00003.png","0:10","2023-03-23 09:17:28",30.8,12.39,0.001640625,3840,"153","2023-03-23",2023-03-23 09:17:28,0,10,2023-03-23 09:17:38,675.6,30.6,-89.9,0.199999999999999,TRUE
"368","DJI_0259.MP4_00_00_15_vlc00004.png","0:15","2023-03-23 09:17:28",30.2,12.44,0.001640625,3840,"153","2023-03-23",2023-03-23 09:17:28,0,15,2023-03-23 09:17:43,680.6,31.5,-79.4,-1.3,FALSE
"369","DJI_0259.MP4_00_04_05_vlc00001.png","4:05","2023-04-26 13:54:26",72.2,13.9,0.001640625,3840,"261","2023-04-26",2023-04-26 13:54:26,4,5,2023-04-26 13:58:31,241,69.2,-89.9,3,TRUE
"370","DJI_0259.MP4_00_04_10_vlc00002.png","4:10","2023-04-26 13:54:26",69,13.6,0.001640625,3840,"261","2023-04-26",2023-04-26 13:54:26,4,10,2023-04-26 13:58:36,245.9,71,-90,-2,TRUE
"371","DJI_0261.MP4_00_02_23_vlc00001.png","2:23","2023-04-26 15:20:51",31.2,12.9,0.001640625,3840,"262","2023-04-26",2023-04-26 15:20:51,2,23,2023-04-26 15:23:14,468.6,30.8,-90,0.399999999999999,TRUE
"372","DJI_0261.MP4_00_02_26_vlc00002.png","2:26","2023-04-26 15:20:51",30.3,12.48,0.001640625,3840,"262","2023-04-26",2023-04-26 15:20:51,2,26,2023-04-26 15:23:17,471.6,30.3,-89.9,0,TRUE
"373","DJI_0261.MP4_00_02_29_vlc00003.png","2:29","2023-04-26 15:20:51",30.4,12.86,0.001640625,3840,"262","2023-04-26",2023-04-26 15:20:51,2,29,2023-04-26 15:23:20,474.6,30.5,-90,-0.100000000000001,TRUE
"374","DJI_0261.MP4_00_02_32_vlc00004.png","2:32","2023-04-26 15:20:51",30.6,13.04,0.001640625,3840,"262","2023-04-26",2023-04-26 15:20:51,2,32,2023-04-26 15:23:23,477.6,31,-89.9,-0.399999999999999,TRUE
"375","DJI_0261.MP4_00_04_48_vlc00002.png","4:48","2023-03-23 09:32:53",28.5,12.84,0.001640625,3840,"154","2023-03-23",2023-03-23 09:32:53,4,48,2023-03-23 09:37:41,627.9,28.4,-90,0.100000000000001,TRUE
"376","DJI_0261.MP4_00_04_53_vlc00003.png","4:53","2023-03-23 09:32:53",28.6,13.39,0.001640625,3840,"154","2023-03-23",2023-03-23 09:32:53,4,53,2023-03-23 09:37:46,632.9,28.7,-89.9,-0.0999999999999979,TRUE
"377","DJI_0263.MP4_00_02_42_vlc00001.png","2:42","2023-03-23 09:46:38",120.1,11.73,0.001640625,3840,"155","2023-03-23",2023-03-23 09:46:38,2,42,2023-03-23 09:49:20,219.2,120.1,-62.8,0,FALSE
"378","DJI_0263.MP4_00_02_46_vlc00002.png","2:46","2023-03-23 09:46:38",120,10.94,0.001640625,3840,"155","2023-03-23",2023-03-23 09:46:38,2,46,2023-03-23 09:49:24,223.2,119.8,-62.8,0.200000000000003,FALSE
"379","DJI_0264.MP4_00_03_36_vlc00001.png","3:36","2023-03-23 09:52:06",51.9,14.34,0.001640625,3840,"155","2023-03-23",2023-03-23 09:52:06,3,36,2023-03-23 09:55:42,601.2,52,-89.9,-0.100000000000001,TRUE
"380","DJI_0264.MP4_00_03_39_vlc00002.png","3:39","2023-03-23 09:52:06",50.3,13.42,0.001640625,3840,"155","2023-03-23",2023-03-23 09:52:06,3,39,2023-03-23 09:55:45,604.2,50.3,-90,0,TRUE
"381","DJI_0264.MP4_00_05_05_vlc00001.png","5:05","2023-04-28 15:39:41",30.2,12.59,0.001640625,3840,"263","2023-04-28",2023-04-28 15:39:41,5,5,2023-04-28 15:44:46,630.4,29.9,-89.9,0.300000000000001,TRUE
"382","DJI_0264.MP4_00_05_10_vlc00002.png","5:10","2023-04-28 15:39:41",30.6,12.65,0.001640625,3840,"263","2023-04-28",2023-04-28 15:39:41,5,10,2023-04-28 15:44:51,635.4,29.7,-89.9,0.900000000000002,TRUE
"383","DJI_0264.MP4_00_05_13_vlc00003.png","5:13","2023-04-28 15:39:41",30,12.26,0.001640625,3840,"263","2023-04-28",2023-04-28 15:39:41,5,13,2023-04-28 15:44:54,638.4,30.2,-89.9,-0.199999999999999,TRUE
"384","DJI_0264.MP4_00_05_16_vlc00004.png","5:16","2023-04-28 15:39:41",30.1,12.35,0.001640625,3840,"263","2023-04-28",2023-04-28 15:39:41,5,16,2023-04-28 15:44:57,641.4,30,-90,0.100000000000001,TRUE
"385","DJI_0264.MP4_00_05_20_vlc00005.png","5:20","2023-04-28 15:39:41",29.6,12.56,0.001640625,3840,"263","2023-04-28",2023-04-28 15:39:41,5,20,2023-04-28 15:45:01,645.4,30.5,-90,-0.899999999999999,TRUE
"386","DJI_0268.MP4_00_00_05_vlc00001.png","0:05","2023-04-28 16:10:58",56,14.36,0.001640625,3840,"264","2023-04-28",2023-04-28 16:10:58,0,5,2023-04-28 16:11:03,658.1,55.5,-89.9,0.5,TRUE
"387","DJI_0268.MP4_00_00_07_vlc00002.png","0:07","2023-04-28 16:10:58",54.5,13.65,0.001640625,3840,"264","2023-04-28",2023-04-28 16:10:58,0,7,2023-04-28 16:11:05,660.1,56.2,-89.9,-1.7,TRUE
"388","DJI_0268.MP4_00_00_10_vlc00003.png","0:10","2023-04-28 16:10:58",55.9,13.79,0.001640625,3840,"264","2023-04-28",2023-04-28 16:10:58,0,10,2023-04-28 16:11:08,663.1,54.5,-89.9,1.4,TRUE
"389","DJI_0268.MP4_00_00_14_vlc00004.png","0:14","2023-04-28 16:10:58",55.3,13.71,0.001640625,3840,"264","2023-04-28",2023-04-28 16:10:58,0,14,2023-04-28 16:11:12,667.1,55.5,-90,-0.200000000000003,TRUE
"390","DJI_0268.MP4_00_00_18_vlc00005.png","0:18","2023-04-28 16:10:58",55.7,14.02,0.001640625,3840,"264","2023-04-28",2023-04-28 16:10:58,0,18,2023-04-28 16:11:16,671.1,55.8,-90,-0.0999999999999943,TRUE
"391","DJI_0268.MP4_00_00_32_vlc00001.png","0:32","2023-03-23 10:37:27",51.1,13.45,0.001640625,3840,"156","2023-03-23",2023-03-23 10:37:27,0,32,2023-03-23 10:37:59,425,50.7,-78.5,0.399999999999999,FALSE
"392","DJI_0268.MP4_00_00_35_vlc00002.png","0:35","2023-03-23 10:37:27",49.8,12.79,0.001640625,3840,"156","2023-03-23",2023-03-23 10:37:27,0,35,2023-03-23 10:38:02,428,50,-90,-0.200000000000003,TRUE
"393","DJI_0268.MP4_00_00_37_vlc00003.png","0:37","2023-03-23 10:37:27",50.7,13.09,0.001640625,3840,"156","2023-03-23",2023-03-23 10:37:27,0,37,2023-03-23 10:38:04,430,49.9,-89.9,0.800000000000004,TRUE
"394","DJI_0268.MP4_00_00_46_vlc00004.png","0:46","2023-03-23 10:37:27",51.7,13.36,0.001640625,3840,"156","2023-03-23",2023-03-23 10:37:27,0,46,2023-03-23 10:38:13,439,50.8,-89.9,0.900000000000006,TRUE
"395","DJI_0268.MP4_00_00_48_vlc00005.png","0:48","2023-03-23 10:37:27",50.3,13.03,0.001640625,3840,"156","2023-03-23",2023-03-23 10:37:27,0,48,2023-03-23 10:38:15,441,51.7,-89.9,-1.40000000000001,TRUE
"396","DJI_0272.MP4_00_05_11_vlc00001.png","5:11","2023-04-28 17:28:36",29.6,12.64,0.001640625,3840,"265","2023-04-28",2023-04-28 17:28:36,5,11,2023-04-28 17:33:47,636.1,29.5,-89.9,0.100000000000001,TRUE
"397","DJI_0272.MP4_00_05_23_vlc00002.png","5:23","2023-04-28 17:28:36",29.2,12.75,0.001640625,3840,"265","2023-04-28",2023-04-28 17:28:36,5,23,2023-04-28 17:33:59,648.1,29.6,-90,-0.400000000000002,TRUE
"398","DJI_0272.MP4_00_05_24_vlc00003.png","5:24","2023-04-28 17:28:36",29,12.08,0.001640625,3840,"265","2023-04-28",2023-04-28 17:28:36,5,24,2023-04-28 17:34:00,649.1,29.7,-90,-0.699999999999999,TRUE
"399","DJI_0272.MP4_00_05_26_vlc00004.png","5:26","2023-04-28 17:28:36",29.4,12.16,0.001640625,3840,"265","2023-04-28",2023-04-28 17:28:36,5,26,2023-04-28 17:34:02,651.1,29.1,-90,0.299999999999997,TRUE
"400","DJI_0273.MP4_00_00_00_vlc00001.png","0:00","2023-04-28 17:34:03",29.9,12.28,0.001640625,3840,"265","2023-04-28",2023-04-28 17:34:03,0,0,2023-04-28 17:34:03,652.1,28.9,-90,1,TRUE
"401","DJI_0278.MP4_00_00_17_vlc00001.png","0:17","2023-04-29 06:32:46",66.5,13.19,0.001640625,3840,"267","2023-04-29",2023-04-29 06:32:46,0,17,2023-04-29 06:33:03,671,66.3,-66.9,0.200000000000003,FALSE
"402","DJI_0278.MP4_00_00_30_vlc00002.png","0:30","2023-04-29 06:32:46",26.6,11.96,0.001640625,3840,"267","2023-04-29",2023-04-29 06:32:46,0,30,2023-04-29 06:33:16,684,29.5,-89.9,-2.9,TRUE
"403","DJI_0279.MP4_00_05_12_vlc00001.png","5:12","2023-03-23 14:01:19",31.2,13.47,0.001640625,3840,"158","2023-03-23",2023-03-23 14:01:19,5,12,2023-03-23 14:06:31,640.2,31,-89.9,0.199999999999999,TRUE
"404","DJI_0281.MP4_00_00_17_vlc00001.png","0:17","2023-04-29 06:51:14",30.6,12.44,0.001640625,3840,"268","2023-04-29",2023-04-29 06:51:14,0,17,2023-04-29 06:51:31,681.1,31.4,-90,-0.799999999999997,TRUE
"405","DJI_0281.MP4_00_00_21_vlc00002.png","0:21","2023-04-29 06:51:14",30.2,12.35,0.001640625,3840,"268","2023-04-29",2023-04-29 06:51:14,0,21,2023-04-29 06:51:35,685.1,30.4,-89.9,-0.199999999999999,TRUE
"406","DJI_0283.MP4_00_05_01_vlc00001.png","5:01","2023-04-29 07:03:16",52.9,12.82,0.001640625,3840,"268","2023-04-29",2023-04-29 07:03:16,5,1,2023-04-29 07:08:17,649.8,50.5,-90,2.4,TRUE
"407","DJI_0283.MP4_00_05_04_vlc00002.png","5:04","2023-04-29 07:03:16",51.5,12.74,0.001640625,3840,"268","2023-04-29",2023-04-29 07:03:16,5,4,2023-04-29 07:08:20,652.8,53.2,-89.9,-1.7,TRUE
"408","DJI_0283.MP4_00_05_10_vlc00003.png","5:10","2023-04-29 07:03:16",50.4,12.48,0.001640625,3840,"268","2023-04-29",2023-04-29 07:03:16,5,10,2023-04-29 07:08:26,658.8,50.3,-90,0.100000000000001,TRUE
"409","DJI_0283.MP4_00_05_16_vlc00004.png","5:16","2023-04-29 07:03:16",50.6,12.7,0.001640625,3840,"268","2023-04-29",2023-04-29 07:03:16,5,16,2023-04-29 07:08:32,664.8,50.6,-90,0,TRUE
"410","DJI_0286.MP4_00_05_01_vlc00002.png","5:01","2023-03-23 15:13:02",101.1,12.57,0.001640625,3840,"159","2023-03-23",2023-03-23 15:13:02,5,1,2023-03-23 15:18:03,359.7,101,-89.9,0.0999999999999943,TRUE
"411","DJI_0286.MP4_00_05_05_vlc00001.png","5:05","2023-04-29 07:20:02",120.8,13.29,0.001640625,3840,"268","2023-04-29",2023-04-29 07:20:02,5,5,2023-04-29 07:25:07,636.7,119.4,-90,1.39999999999999,TRUE
"412","DJI_0287.MP4_00_04_49_vlc00001.png","4:49","2023-03-23 15:18:30",31.2,12.95,0.001640625,3840,"159","2023-03-23",2023-03-23 15:18:30,4,49,2023-03-23 15:23:19,675.7,30.9,-89.9,0.300000000000001,TRUE
"413","DJI_0287.MP4_00_04_53_vlc00002.png","4:53","2023-03-23 15:18:30",30.2,13.22,0.001640625,3840,"159","2023-03-23",2023-03-23 15:18:30,4,53,2023-03-23 15:23:23,679.7,31.2,-90,-1,TRUE
"414","DJI_0287.MP4_00_04_56_vlc00003.png","4:56","2023-03-23 15:18:30",26.2,12.94,0.001640625,3840,"159","2023-03-23",2023-03-23 15:18:30,4,56,2023-03-23 15:23:26,682.7,28,-89.9,-1.8,TRUE
"415","DJI_0290.MP4_00_00_01_vlc00001.png","0:01","2023-04-29 07:42:06",119.9,13.29,0.001640625,3840,"268","2023-04-29",2023-04-29 07:42:06,0,1,2023-04-29 07:42:07,660.5,120.1,-90,-0.199999999999989,TRUE
"416","DJI_0290.MP4_00_00_30_vlc00002.png","0:30","2023-04-29 07:42:06",33.7,12.7,0.001640625,3840,"268","2023-04-29",2023-04-29 07:42:06,0,30,2023-04-29 07:42:36,689.5,39.6,-89.9,-5.9,TRUE
"417","DJI_0291.MP4_00_00_35_vlc00001.png","0:35","2023-03-23 15:51:19",58.7,13.52,0.001640625,3840,"161","2023-03-23",2023-03-23 15:51:19,0,35,2023-03-23 15:51:54,257.1,58.5,-71.5,0.200000000000003,FALSE
"418","DJI_0292.MP4_00_05_14_vlc00001.png","5:14","2023-04-29 07:54:38",34.1,14.29,0.001640625,3840,"269","2023-04-29",2023-04-29 07:54:38,5,14,2023-04-29 07:59:52,637.3,31.3,-89.9,2.8,TRUE
"419","DJI_0293.MP4_00_00_17_vlc00002.png","0:17","2023-04-29 08:00:06",32.1,13,0.001640625,3840,"269","2023-04-29",2023-04-29 08:00:06,0,17,2023-04-29 08:00:23,668.2,32.9,-90,-0.799999999999997,TRUE
"420","DJI_0293.MP4_00_00_20_vlc00004.png","0:20","2023-04-29 08:00:06",32.2,13.14,0.001640625,3840,"269","2023-04-29",2023-04-29 08:00:06,0,20,2023-04-29 08:00:26,671.3,32.1,-90,0.100000000000001,TRUE
"421","DJI_0295.MP4_00_03_39_vlc00001.png","3:39","2023-04-29 08:12:30",30.5,13.11,0.001640625,3840,"269","2023-04-29",2023-04-29 08:12:30,3,39,2023-04-29 08:16:09,546.3,32.1,-89.7,-1.6,TRUE
"422","DJI_0295.MP4_00_03_48_vlc00003.png","3:48","2023-04-29 08:12:30",29.4,12.25,0.001640625,3840,"269","2023-04-29",2023-04-29 08:12:30,3,48,2023-04-29 08:16:18,555.3,29,-89.9,0.399999999999999,TRUE
"423","DJI_0295.MP4_00_03_53_vlc00004.png","3:53","2023-04-29 08:12:30",29.1,12.26,0.001640625,3840,"269","2023-04-29",2023-04-29 08:12:30,3,53,2023-04-29 08:16:23,560.3,29.6,-89.9,-0.5,TRUE
"424","DJI_0295.MP4_00_03_57_vlc00006.png","3:57","2023-04-29 08:12:30",29.2,13,0.001640625,3840,"269","2023-04-29",2023-04-29 08:12:30,3,57,2023-04-29 08:16:27,564.3,29.1,-89.9,0.0999999999999979,TRUE
"425","DJI_0295.MP4_00_03_57_vlc00006.png","3:57","2023-04-29 08:12:30",29.2,13,0.001640625,3840,"269","2023-04-29",2023-04-29 08:12:30,3,57,2023-04-29 08:16:27,564.3,29.1,-89.9,0.0999999999999979,TRUE
"426","DJI_0295.MP4_00_04_02_vlc00007.png","4:02","2023-04-29 08:12:30",29,12.55,0.001640625,3840,"269","2023-04-29",2023-04-29 08:12:30,4,2,2023-04-29 08:16:32,569.3,29,-90,0,TRUE
