"","ID","mean_length","length_CI_low","length_CI_hi","sd_length","mean_R.HD","sd_R.HD","R.HD_CI_low","R.HD_CI_hi","mean_R.HF","sd_R.HF","R.HF_CI_low","R.HF_CI_hi","mean_fem_prob_hd","sd_fem_prob_hd","prob_hd_CI_low","prob_hd_CI_hi","mean_m_prob_hd","m_prob_hd_CI_low","m_prob_hd_CI_hi","mean_fem_prob_hf","sd_fem_prob_hf","prob_hf_CI_low","prob_hf_CI_hi","mean_m_prob_hf","m_prob_hf_CI_low","m_prob_hf_CI_hi","suckled_ever","suckling_ever","CI_width_HD","CI_width_HF","CI_width_HD_male","CI_width_HF_male","CV_length","CV_HD","CV_HF"
"1","GAL2023_001",14.6390295812819,14.316989429248,15.144320623668,0.262501082493423,0.707468280144686,0.0108782740291655,0.688025319857277,0.725015159420699,0.403373108489129,0.00556922739089034,0.397402450890528,0.414542404757669,0.00303205544920396,0.017362713656005,3.45244324784929e-08,0.0271779883311473,0.996967944550796,0.972822011668853,0.999999965475568,8.06502365194912e-13,9.32085465141132e-12,8.39561287108346e-21,3.74223224599224e-12,0.999999999999194,0.999999999996258,1,FALSE,FALSE,0.0271779538067148,3.74223223759663e-12,0.0271779538067149,3.74222874910402e-12,1.79315904128692,1.53763417166078,1.38066402387368
"2","GAL2023_002",16.0862414156813,15.807422221368,16.3371682110056,0.217160141911801,0.684629056245982,0.0186050317222929,0.658716005349978,0.700705937836205,0.38912291089918,0.00887196622947073,0.377842175657601,0.399392805034413,0.310235768436282,0.436362966857227,2.79703881066293e-05,0.999322643561072,0.689764231563718,0.000677356438928447,0.999972029611893,3.18869064032892e-08,1.69787378157041e-07,3.69404365474831e-18,2.88076941567676e-07,0.999999968113094,0.999999711923058,1,FALSE,FALSE,0.999294673172965,2.88076941563982e-07,0.999294673172965,2.88076941523663e-07,1.3499744054575,2.71753463463991,2.27999071269526
"3","GAL2023_004",15.191319014484,14.9409244149116,15.5066725003344,0.208868940654214,0.67306736973625,0.00782806151838611,0.665447101687277,0.686211682109474,0.408882651626902,0.0106025251129399,0.39727131719662,0.422155345590089,0.488049717792004,0.345655822315986,0.00513146367519749,0.973318605965187,0.511950282207996,0.0266813940348131,0.994868536324803,2.62360513081988e-13,2.99722152935052e-12,1.18800148347324e-23,1.26874398979046e-12,0.999999999999738,0.999999999998731,1,FALSE,FALSE,0.968187142289989,1.26874398977858e-12,0.968187142289989,1.26876287254163e-12,1.37492301001033,1.16304279041987,2.5930484139529
"4","GAL2023_006",12.5968505950197,12.4841060206352,12.6774587879984,0.0795587767164053,0.676646459733428,0.0102069309600946,0.666544331944474,0.691228416866339,0.354132267325565,0.00846912355762299,0.341859545982264,0.362133192470438,0.262974386886151,0.252975949414728,0.000998788523290735,0.806565633662451,0.737025613113849,0.193434366337549,0.999001211476709,0.00896308798610894,0.0228241976942008,1.38478645151717e-07,0.0774984381429131,0.991036912013891,0.922501561857087,0.999999861521355,FALSE,FALSE,0.805566845139161,0.077498299664268,0.805566845139161,0.0774982996642681,0.631576727184964,1.50845848866419,2.39151422760272
"5","GAL2023_007",12.8829278449772,12.696537417284,13.1814607595396,0.219765170024018,0.686611847350691,0.00758462712361935,0.677091646614782,0.695335930412509,0.380549282040851,0.00654012210173609,0.375502783918516,0.38947261042538,0.0552259525721589,0.0741240890575021,0.000248315066533442,0.253966178443331,0.944774047427841,0.746033821556669,0.999751684933467,2.97204908996377e-08,1.52192093291581e-07,4.51893373273888e-14,2.09815204803191e-07,0.999999970279509,0.999999790184795,0.999999999999955,FALSE,FALSE,0.253717863376798,2.09815159613854e-07,0.253717863376798,2.0981515957974e-07,1.70586354801095,1.10464553632228,1.71860056249798
"6","GAL2023_011",10.7997050208731,10.202234068808,11.5065666861304,0.538674406624735,0.647831689124882,0.00520903458044517,0.641282531042694,0.653853957245882,0.32455710564179,0.0161001886720537,0.30974593092497,0.346300391222997,0.889965699240328,0.0915939639162761,0.66337843639698,0.996530691863846,0.110034300759672,0.00346930813615358,0.33662156360302,0.641491253453195,0.46843413027702,0.000136484274836157,0.999659673834412,0.358508746546805,0.000340326165588294,0.999863515725164,TRUE,FALSE,0.333152255466867,0.999523189559576,0.333152255466867,0.999523189559576,4.9878622201589,0.804072210095457,4.96066436142776
"7","GAL2023_012",11.948530322142,11.7725549603744,12.0645845402544,0.112653579599004,0.6595062644856,0.00251440258596597,0.655756291587673,0.662167595198438,0.307305985877069,0.0133612080635018,0.291218098321162,0.320452771272443,0.734555760234759,0.16356646640683,0.381107304050487,0.97154194523436,0.265444239765241,0.02845805476564,0.618892695949513,0.990957499971522,0.0198862786890436,0.937995677203971,0.999999999364966,0.00904250002847814,6.35034359121319e-10,0.062004322796029,FALSE,FALSE,0.590434641183873,0.0620043221609947,0.590434641183873,0.0620043221609946,0.942823732808745,0.381255299815407,4.34785154782071
"8","GAL2023_013",11.3465956803459,10.918723987724,12.5230670119152,0.556414814225465,0.659002862220028,0.00575763213325259,0.65004520052597,0.667141500474834,0.287225556079814,0.00893251839990878,0.272373857645885,0.300663210499276,0.67503036644865,0.216802505329618,0.255072592920821,0.981430296184375,0.32496963355135,0.0185697038156245,0.744927407079179,0.999993550059019,2.27690980854567e-05,0.999949999335621,0.999999999833453,6.44994098096916e-06,1.66546797643609e-10,5.00006643787425e-05,FALSE,FALSE,0.726357703263555,5.00004978318813e-05,0.726357703263555,5.00004978319449e-05,4.90380401224009,0.873688486550188,3.109931623712
"9","GAL2023_014",10.4227540728918,10.0341206820784,10.905400690044,0.35989804458177,0.665317204985494,0.0204309690350582,0.646605086142466,0.693406014294654,0.325216247729104,0.0132889138348962,0.306768747245166,0.337736354384273,0.543167857076728,0.391783235932947,0.00154328385001112,0.97633889716138,0.456832142923272,0.0236611028386196,0.998456716149989,0.355356695721749,0.443272807729653,0.00394134232835011,0.999201555260922,0.644643304278251,0.000798444739078115,0.99605865767165,FALSE,FALSE,0.974795613311369,0.995260212932572,0.974795613311369,0.995260212932572,3.45300332392777,3.070861369879,4.08617771334889
"10","GAL2023_015",9.35273985248066,9.03110483114,9.6200065780784,0.24827022851801,0.651174544189224,0.00195039013399143,0.648570294569363,0.653252279635258,0.328168732387343,0.018364141316069,0.312357794181502,0.354104471172928,0.725151273691106,0.128962391418468,0.477472539812734,0.963823877834106,0.274848726308894,0.0361761221658942,0.522527460187266,0.372962601958542,0.293512404875474,1.9425649846507e-05,0.834029695327128,0.627037398041458,0.165970304672872,0.999980574350154,FALSE,FALSE,0.486351338021372,0.834010269677281,0.486351338021372,0.834010269677281,2.65451870183431,0.299518792833013,5.59594486119216
"11","GAL2023_017",9.8099095830123,9.5450193128048,10.0200479819048,0.200797665694515,0.679242735813222,0.00974537415668283,0.665761224436493,0.687489774772318,0.292631410106003,0.00578649148513092,0.285762791548045,0.299694606533239,0.134051471684342,0.146656779279202,0.00416123468730008,0.441450372576929,0.865948528315658,0.558549627423071,0.9958387653127,0.994949273593501,0.00963053596826693,0.96479904359616,0.999997967200204,0.00505072640649885,2.03279979613875e-06,0.0352009564038397,FALSE,FALSE,0.437289137889629,0.0351989236040434,0.437289137889629,0.0351989236040435,2.04688599823829,1.43474102008838,1.977399310291
"12","GAL2023_021",11.3155139730438,11.2677343177088,11.3771896751328,0.0451612858318607,0.64609350711885,0.00434351313506776,0.639794788347232,0.649178162606399,0.29820999345066,0.0084412879724231,0.290579639074147,0.310390372761961,0.931722368297039,0.0715794962729308,0.740558334385623,0.999122277445278,0.0682776317029609,0.000877722554721547,0.259441665614377,0.998888908623486,0.00329119672292246,0.989403569083766,0.999999987100566,0.00111109137651399,1.28994338510269e-08,0.0105964309162337,FALSE,FALSE,0.258563943059655,0.0105964180168,0.258563943059655,0.0105964180167998,0.39910945220381,0.672273144244546,2.83065227786196
"13","GAL2023_023",10.1056985704992,9.908990409228,10.3179124716024,0.167182490393425,0.647245462330209,0.00300544708828343,0.643586029293417,0.650921180218867,0.309730465895359,0.0303787344802446,0.287461773700306,0.352883112610019,0.86072879938108,0.0981524324869669,0.637052837372216,0.991931607965923,0.13927120061892,0.00806839203407691,0.362947162627784,0.668889998672606,0.470560045670692,1.87161186119209e-05,0.999998529800671,0.331110001327394,1.4701993294322e-06,0.999981283881388,FALSE,FALSE,0.354878770593707,0.999979813682059,0.354878770593707,0.999979813682059,1.65433877952256,0.464344250087631,9.80811958307904
"14","GAL2023_024",10.9797509075762,10.8865404535888,11.0383313839464,0.0683040202547694,0.674237730341293,0.0137193944099158,0.66272212306976,0.692880606238007,0.303931805189937,0.00156679824947973,0.302397765189726,0.306013594822259,0.306355435719851,0.249498483614777,0.000820541364057104,0.75549397947537,0.693644564280149,0.244506020524629,0.999179458635943,0.998474226134667,0.00249574259066203,0.991293350539405,0.999993277509789,0.00152577386533326,6.7224902114952e-06,0.00870664946059443,FALSE,FALSE,0.754673438111313,0.00869992697038302,0.754673438111314,0.00869992697038294,0.62209079996194,2.03480075239503,0.515509802766637
"15","GAL2023_025",10.8524248303292,10.793617378368,10.9054249069728,0.0454144126788301,0.662296786142824,0.00898545702030664,0.654166666666667,0.674587024180033,0.301044286689188,0.00231704157778017,0.297845003796064,0.303048439869125,0.543855830962402,0.315804947646105,0.0586741843052226,0.953833450551142,0.456144169037598,0.0461665494488581,0.941325815694777,0.998987677532802,0.00182098886738505,0.993958542385105,0.999997841693947,0.00101232246719792,2.1583060533014e-06,0.00604145761489499,FALSE,FALSE,0.895159266245919,0.00603929930884184,0.895159266245919,0.00603929930884168,0.418472492450819,1.35671155414137,0.769668012391942
"16","GAL2023_026",10.3714298941545,10.2375825437248,10.544556489584,0.129085769992525,0.663830829683,0.00758776828550298,0.653163935432394,0.670018878884694,0.28713278823054,0.00922191497649295,0.275578469281286,0.298049573344169,0.440523283795486,0.27198979793282,0.120030526455221,0.962643063179768,0.559476716204514,0.037356936820232,0.879969473544779,0.999758706836072,0.000552014337152523,0.998189361738186,0.999999985455618,0.000241293163928336,1.45443821505329e-08,0.00181063826181373,FALSE,FALSE,0.842612536724547,0.00181062371743146,0.842612536724547,0.00181062371743158,1.24462847755717,1.1430274018949,3.21172480277266
"17","GAL2023_030",10.4445866622784,10.2616302785792,10.555787258784,0.13451394983913,0.644777414893105,0.00586924728834765,0.635818319582421,0.648758865248227,0.295316004019529,0.00546879457724329,0.288947990543735,0.302534096649268,0.899523799079811,0.093517887346776,0.670486801738246,0.99832443572039,0.100476200920189,0.00167556427960984,0.329513198261754,0.998791917949847,0.00274051740437085,0.992156182353926,0.999999342586407,0.00120808205015312,6.57413593420163e-07,0.00784381764607432,FALSE,FALSE,0.327837633982144,0.00784316023248077,0.327837633982144,0.0078431602324809,1.28788198316108,0.910274949584066,1.85184497379344
"18","GAL2023_034",10.8486490122393,10.7263980498136,11.0363232383536,0.135516874731562,0.666303345622883,0.0149420954872369,0.652078404866509,0.686499440805241,0.29232648323072,0.00353088266009146,0.289695546780907,0.297274877876432,0.497077053985096,0.36540871051323,0.00433974057439321,0.972734743734821,0.502922946014904,0.0272652562651793,0.995660259425607,0.999919966527221,0.000160457749838918,0.999475030418857,0.999999933391552,8.00334727785732e-05,6.6608448043676e-08,0.000524969581142961,FALSE,FALSE,0.968395003160427,0.000524902972695029,0.968395003160428,0.000524902972694918,1.24915899278034,2.24253646411883,1.20785589491209
"19","GAL2023_036",10.4984505434151,9.767798027316,11.1415961648184,0.536449122774954,0.656868791600789,0.00702903369702934,0.647605652668944,0.668363607287072,0.308869175989669,0.00623680566658926,0.297475051905432,0.314822971725816,0.670895145746014,0.24279193932444,0.174759240366838,0.972131841465017,0.329104854253986,0.0278681585349833,0.825240759633163,0.958613515442102,0.0644422734944866,0.770247279868014,0.999909119776751,0.0413864845578977,9.08802232492288e-05,0.229752720131986,FALSE,FALSE,0.797372601098179,0.229661839908737,0.797372601098179,0.229661839908737,5.10979330289296,1.07008184692404,2.01923861343738
"20","GAL2023_041",9.03540628010635,8.7116847702844,9.3175741518712,0.249058223338835,0.658622561307155,0.00818268259889248,0.647419229918124,0.666744316403264,0.313986755449999,0.00413945713839109,0.308420004425758,0.318330220555738,0.495445193019336,0.232089657639056,0.172437168811321,0.942847920226793,0.504554806980664,0.0571520797732071,0.827562831188679,0.561055473118727,0.220739533639737,0.255140134105281,0.943390365315349,0.438944526881273,0.0566096346846511,0.744859865894719,FALSE,FALSE,0.770410751415472,0.688250231210068,0.770410751415472,0.688250231210068,2.75646955563247,1.24239330378426,1.31835406001712
"21","GAL2023_042",6.68041731795664,6.5511736700108,6.8807901898848,0.13839807996565,0.630177438387312,0.00508254011962505,0.623073282855598,0.634727953999965,0.29694808728972,0.00653010231292674,0.288748186255111,0.304698426950771,0.6406878016222,0.0766809665115489,0.537550308430842,0.837292846389635,0.3593121983778,0.162707153610365,0.462449691569158,0.561416016320818,0.105746166708708,0.408777061589578,0.770728374999467,0.438583983679182,0.229271625000533,0.591222938410422,FALSE,FALSE,0.299742537958793,0.361951313409889,0.299742537958793,0.361951313409889,2.07169811972139,0.806525243530106,2.19907202384354
"22","GAL2023_044",8.26995280807204,7.8879273836028,8.5173154201392,0.263263516917145,0.643991275468646,0.0199953688745299,0.627047621888025,0.672096484248372,0.286003421303778,0.00398105497547962,0.28218843014175,0.29175523424665,0.645250087813611,0.329945434442813,0.0979478141874656,0.991631095084753,0.354749912186389,0.00836890491524715,0.902052185812534,0.963872931481676,0.0448471804158806,0.845720330010489,0.999428872737979,0.0361270685183244,0.000571127262021377,0.154279669989511,FALSE,FALSE,0.893683280897287,0.153708542727489,0.893683280897287,0.153708542727489,3.18337387197883,3.10491300677619,1.39196061268482
"23","GAL2023_049",7.43008978005457,7.3497243830216,7.5973642035564,0.114814968375322,0.615547654230714,0.00571898681262932,0.60770734431723,0.620997433894901,0.296113759372296,0.0126437643995214,0.279473523684396,0.310442932054,0.88198130647269,0.0792823508233626,0.717744227767238,0.994161806112011,0.11801869352731,0.00583819388798866,0.282255772232762,0.6683326060337,0.236204710621447,0.307278283980515,0.985236943706962,0.3316673939663,0.0147630562930378,0.692721716019485,FALSE,FALSE,0.276417578344773,0.677958659726448,0.276417578344773,0.677958659726448,1.54527026959395,0.929089205900179,4.26990100909993
"24","GAL2023_053",11.0442350291023,10.8116945206452,11.1860555028692,0.167217323733393,0.673251987802519,0.00736542394201715,0.662908606833533,0.680604607458769,0.281276941350154,0.00278534015770715,0.277484366393416,0.283774064595982,0.246104464561847,0.245328323971917,0.016967604793919,0.793335612277316,0.753895535438153,0.206664387722683,0.983032395206081,0.999997139540134,1.1560200995551e-05,0.999978141406452,0.999999999937943,2.86045986559241e-06,6.20567213288689e-11,2.18585935482878e-05,FALSE,FALSE,0.776368007483397,2.18585314916142e-05,0.776368007483398,2.18585314915665e-05,1.51406886301101,1.09400701007326,0.990248309846258
"25","GAL2023_054",4.07513493354486,3.7364666464072,4.3208070838956,0.25079733452575,0.666138613176215,0.0337410431627823,0.620872322326193,0.699082392965811,0.28652860311625,0.0136706305363695,0.266078442322369,0.296535457427886,0.5,0,0.5,0.5,0.5,0.5,0.5,0.5,0,0.5,0.5,0.5,0.5,0.5,FALSE,TRUE,0,0,0,0,6.1543320311013,5.06516849427204,4.77112245956928
"26","GAL2023_057",12.120425036905,11.8713505322448,12.3747785413256,0.205352411126035,0.687373791324963,0.00447740613332158,0.683906169211092,0.693780187673559,0.322545131426686,0.00616526906763828,0.317085953878407,0.331074645549296,0.0280323482782688,0.029755826611386,0.000637073913560979,0.0918250750424981,0.971967651721731,0.908174924957502,0.999362926086439,0.786370356502314,0.326725325437255,0.110130933829816,0.99993109428143,0.213629643497686,6.89057185700799e-05,0.889869066170184,FALSE,FALSE,0.0911880011289371,0.889800160451614,0.0911880011289372,0.889800160451614,1.69426740812113,0.65137865159087,1.91144384674727
"27","GAL2023_059",10.0940364392886,10.0129768582584,10.1851933858832,0.0714715822312428,0.658690151966929,0.00851436392782634,0.647793204976474,0.668585385362509,0.298525481539507,0.0109654943344344,0.288629737609329,0.313921242373821,0.566158591037443,0.264471370560094,0.161846538371571,0.977514037575582,0.433841408962557,0.0224859624244184,0.838153461628429,0.9545568168466,0.0803907988966123,0.729927057400435,0.999997011261632,0.0454431831534001,2.98873836750287e-06,0.270072942599565,FALSE,FALSE,0.815667499204011,0.270069953861198,0.815667499204011,0.270069953861198,0.70805750168542,1.2926204987886,3.67321887494659
"28","GAL2023_064",10.8044405785417,10.6456075213432,10.999664642516,0.145194414965579,0.645892382911902,0.005079427846354,0.641763656016691,0.652796431312356,0.291055696444132,0.0109754642808261,0.276564188934416,0.303242517267843,0.904276078504393,0.0997147947074221,0.644654625470455,0.998250727304833,0.0957239214956071,0.00174927269516721,0.355345374529545,0.999408538503362,0.00168777291229846,0.994636984718224,0.99999999141568,0.000591461496638147,8.5843203671288e-09,0.00536301528177631,FALSE,FALSE,0.353596101834378,0.00536300669745582,0.353596101834378,0.00536300669745594,1.34384019154073,0.786420149972077,3.77091546907171
"29","GAL2023_065",8.69804960040594,8.6235488821728,8.8136097853004,0.0830681442653638,0.639541100010986,0.00982441463606666,0.62828374212572,0.652409457245093,0.305532072245545,0.0025628838999139,0.302523120225171,0.308798448316222,0.814743476761964,0.146831266341353,0.499941905349396,0.995275866185483,0.185256523238036,0.00472413381451678,0.500058094650604,0.802296239873909,0.107093588501954,0.580010712066343,0.971015092246751,0.197703760126091,0.0289849077532491,0.419989287933657,FALSE,FALSE,0.495333960836087,0.391004380180408,0.495333960836087,0.391004380180408,0.955020356074848,1.53616626607702,0.838826471171317
"30","GAL2023_066",11.2324584688474,11.1845049696088,11.2633289956616,0.0351346205323285,0.651216509160081,0.00289811559558827,0.647636238116469,0.65473573441543,0.318605420525768,0.00243373540117888,0.316345779992224,0.322091925358396,0.872408756754503,0.101444402143716,0.634349679684519,0.993469569916415,0.127591243245497,0.00653043008358535,0.365650320315481,0.911188802089441,0.104812033422439,0.632677164106771,0.998888216195905,0.088811197910559,0.0011117838040955,0.367322835893229,FALSE,FALSE,0.359119890231895,0.366211052089134,0.359119890231895,0.366211052089133,0.312795463520052,0.445031038805539,0.76387131052657
"31","GAL2023_080",10.6508749861307,10.5796459815228,10.7308140288432,0.0611581144313301,0.660048038145876,0.00424636658626643,0.654312136021773,0.66413765282691,0.297257675172277,0.00437666915978279,0.293675913858375,0.303268853706359,0.597373719764168,0.1989914901757,0.261882197247095,0.946458340692456,0.402626280235832,0.053541659307544,0.738117802752905,0.998937357248039,0.00240640236345219,0.991588584131539,0.999999098840277,0.00106264275196127,9.01159723028825e-07,0.00841141586846091,FALSE,FALSE,0.684576143445361,0.00841051470873788,0.684576143445361,0.00841051470873788,0.574207419681186,0.643342051011134,1.47234858014895
"32","GAL2023_081",15.657802007695,15.423721567884,16.098756295944,0.314643527946396,0.699535160504103,0.00948357931955637,0.691395003250673,0.713059246241843,0.384609011747472,0.00823228485545557,0.376660260516763,0.39585306956441,0.00620512747209256,0.0178099500663424,3.426388719651e-07,0.0297168985496798,0.993794872527907,0.97028310145032,0.999999657361128,4.37108687166262e-08,2.70646772150531e-07,8.14691586414121e-17,2.9236831681377e-07,0.999999956289131,0.999999707631683,1,FALSE,FALSE,0.0297165559108078,2.92368316732301e-07,0.0297165559108077,2.9236831666779e-07,2.00949997829686,1.35569730515365,2.14042952817256
"33","GAL2023_084",11.1051080623021,11.06782100047,11.1240246966972,0.0260130651489753,0.664284315990978,0.00827147021963584,0.656438255180437,0.675913552370859,0.30227534608234,0.00475234561022453,0.296265149071471,0.307854452468986,0.510052317781881,0.305842753128178,0.0442668290619227,0.944555481640117,0.489947682218119,0.0554445183598834,0.955733170938077,0.998620338551953,0.00331614297668933,0.98950536054993,0.999999467120928,0.00137966144804667,5.32879071991753e-07,0.0104946394500695,TRUE,FALSE,0.900288652578194,0.0104941065709975,0.900288652578194,0.0104941065709975,0.234244142452612,1.24517018097838,1.57219094174157
"34","GAL2023_085",10.3473717141961,10.1538074149244,10.5416653402752,0.158005056571354,0.65192230471883,0.00736046998797403,0.645811583395476,0.662520016723331,0.309459114841839,0.0130870699739868,0.290741427320559,0.320991797166294,0.757569361322416,0.225814879459947,0.294182798573159,0.993466314532138,0.242430638677584,0.00653368546786245,0.705817201426841,0.833385290470848,0.203340973536159,0.343383691422737,0.99999340381342,0.166614709529152,6.59618657984243e-06,0.656616308577263,FALSE,FALSE,0.699283515958979,0.656609712390683,0.699283515958979,0.656609712390683,1.52700667314946,1.12904098152441,4.22901422072361
"35","GAL2023_086",11.7994416395861,11.6522872670732,11.9453547129008,0.119308246005834,0.647147071948844,0.00399505853846837,0.642187679907887,0.651893688999495,0.290587337413408,0.00346741598465518,0.287134969086596,0.295279217040875,0.938706607401562,0.0691195785744215,0.746498293974241,0.999146404263491,0.0612933925984378,0.000853595736508794,0.253501706025759,0.999996871255322,1.00752921060732e-05,0.999971780777135,0.999999999933112,3.12874467833255e-06,6.6888074351904e-11,2.82192228650591e-05,TRUE,FALSE,0.25264811028925,2.82191559770606e-05,0.25264811028925,2.82191559769847e-05,1.01113467611523,0.61733394333957,1.19324400557833
"36","GAL2023_087",11.6585484061939,11.559730134876,11.7589770802628,0.082816705320606,0.660136389650611,0.00242582371568924,0.658026645561272,0.663693086173355,0.296413223082067,0.00153493060012551,0.294763223849096,0.298537401594646,0.691614498419333,0.16862039343749,0.33296885474126,0.952870422532075,0.308385501580667,0.0471295774679247,0.66703114525874,0.999978083550393,6.61703476867495e-05,0.999842086600808,0.999999992227355,2.19164496066137e-05,7.77264520713697e-09,0.000157913399191969,FALSE,FALSE,0.619901567790815,0.000157905626546717,0.619901567790815,0.000157905626546762,0.710351773095593,0.367473109151452,0.51783472551106
"37","GAL2023_088",10.5062761884598,10.2955700068948,10.7392506610976,0.183192326345303,0.630857654809213,0.010333351344605,0.616105956202141,0.641779725288615,0.2979565949363,0.00232991130692429,0.295783442700174,0.30108072508988,0.975591618033326,0.0391439105704371,0.857763590234961,0.999950518587977,0.0244083819666738,4.94814120227961e-05,0.142236409765039,0.998781304597773,0.00218138815660296,0.992986570426847,0.999997955657619,0.00121869540222737,2.04434238073058e-06,0.00701342957315266,FALSE,FALSE,0.142186928353016,0.00701138523077194,0.142186928353016,0.00701138523077193,1.74364658856506,1.63798461758066,0.781963328390969
"38","GAL2023_089",10.0984181730891,9.878388362812,10.4154616160848,0.238920769488763,0.663540781994186,0.0173182647702701,0.641999889767685,0.683670914045813,0.335053595545098,0.00981393242698697,0.321065036458717,0.344407190754744,0.441952216277779,0.384131411267509,0.0116469694795541,0.995738493922335,0.558047783722221,0.00426150607766499,0.988353030520446,0.146112277894685,0.232006388783976,0.000278672569991841,0.723884144642723,0.853887722105315,0.276115855357277,0.999721327430008,FALSE,FALSE,0.984091524442781,0.723605472072731,0.984091524442781,0.723605472072731,2.3659227157522,2.60997744829223,2.92906345655557
"39","GAL2023_090",11.3224335966035,11.210851238214,11.4919792162624,0.119726936207291,0.666942215853612,0.00161861198152821,0.665246231568571,0.669177752845007,0.312292413249753,0.00265352100599665,0.309986856696924,0.316106347171021,0.405114198846061,0.149682344182028,0.156992199388477,0.720393297119007,0.594885801153939,0.279606702880993,0.843007800611523,0.98992455110374,0.0161484917221099,0.940670133321919,0.999931441717141,0.0100754488962602,6.85582828589885e-05,0.0593298666780813,FALSE,FALSE,0.563401097730531,0.0592613083952223,0.563401097730531,0.0592613083952223,1.05743111837023,0.242691487066321,0.849691152719271
"40","GAL2023_093",7.08773737644367,6.6588482656608,7.2733045372728,0.225290654005468,0.654561912396841,0.0118112854395293,0.631723815349189,0.664866860491947,0.315692000798998,0.015936220585418,0.287878242722988,0.33192579260695,0.456425849805503,0.141160141178285,0.248977259835941,0.801157020319975,0.543574150194497,0.198842979680025,0.751022740164059,0.33343007896964,0.245388831863286,0.0598401344844531,0.828839319369159,0.66656992103036,0.171160680630841,0.940159865515547,FALSE,TRUE,0.552179760484034,0.768999184884706,0.552179760484034,0.768999184884706,3.17859765451001,1.80445657100325,5.04802799725186
"41","Gal2023_067",12.5154786523476,12.3916053584268,12.742268915274,0.167235150045116,0.65119919317288,0.00398584210095883,0.647956394376311,0.656710836314681,0.298424110739943,0.00122879279930268,0.296942197180289,0.299890666931717,0.919692326318153,0.0931747834885316,0.666908093626846,0.999243879366811,0.0803076736818467,0.000756120633188585,0.333091906373154,0.99999781101958,8.200850641437e-06,0.999983691514478,0.999999999673131,2.18898042047662e-06,3.26868436832987e-10,1.63084855215449e-05,TRUE,FALSE,0.332335785739966,1.63081586530556e-05,0.332335785739966,1.63081586531081e-05,1.33622656144874,0.612077248059592,0.411760563265443
"42","Gal2023_069",10.3566819617987,10.2915655186416,10.4212385581508,0.0538577571131361,0.645063303913272,0.0078706715912737,0.634389311701191,0.653373034480603,0.297620955364363,0.00486419023839176,0.290518480550015,0.301040982837851,0.876369978881346,0.119685769840463,0.584834403772101,0.998959567034677,0.123630021118654,0.00104043296532278,0.415165596227899,0.997945381845489,0.00320978834055536,0.988406438874803,0.999996987966723,0.00205461815451078,3.01203327693574e-06,0.0115935611251969,FALSE,FALSE,0.414125163262576,0.0115905490919199,0.414125163262576,0.01159054909192,0.520029072166102,1.22013941012089,1.63435744382877
"43","Gal2023_070",9.97142978362763,9.708766089556,10.1593808873728,0.193394657289237,0.656128327671027,0.0181111133730514,0.639610756987138,0.680921216137851,0.311174883873634,0.00999560635454499,0.300635515727871,0.324480159058902,0.618184250501221,0.399964022857184,0.0206321554031928,0.9945295160148,0.381815749498779,0.00547048398519979,0.979367844596807,0.712570581563137,0.379870362328567,0.0993144436955062,0.999883258785322,0.287429418436863,0.000116741214677433,0.900685556304494,FALSE,FALSE,0.973897360611607,0.900568815089816,0.973897360611607,0.900568815089816,1.93948773130586,2.76030047922761,3.21221501880728
"44","Gal2023_071",4.40696332587494,4.3607157584088,4.466676410854,0.04511159225173,0.633590785379705,0.0199770405388179,0.611672949434551,0.659792022709498,0.273678301430526,0.0117647343553916,0.265252557716,0.290357153202213,0.5,0,0.5,0.5,0.5,0.5,0.5,0.5,0,0.5,0.5,0.5,0.5,0.5,FALSE,FALSE,0,0,0,0,1.02364346866385,3.15298785900838,4.29874575145233
"45","Gal2023_074",10.7853297087022,10.6389070438304,11.0631880580176,0.193186352953116,0.681913384961369,0.0116738048578857,0.667445211946529,0.695801563897523,0.300787521802436,0.00359736179505979,0.296812872488333,0.3055919803996,0.121078218554201,0.145335452600354,0.000573676690526792,0.438326826652985,0.878921781445799,0.561673173347015,0.999426323309473,0.998905235932497,0.00189000455181675,0.994193944794671,0.999996465228362,0.00109476406750299,3.53477163817316e-06,0.00580605520532898,TRUE,FALSE,0.437753149962458,0.00580252043369078,0.437753149962459,0.0058025204336908,1.79119561636805,1.71191900838653,1.19598106115008
"46","Gal2023_075",8.89924747173103,8.6807546329304,9.2290236655276,0.237458488302151,0.68973003369236,0.00432236186360103,0.685917492101769,0.695667838504706,0.310939172732032,0.00764277419299933,0.303498115108133,0.321466219864417,0.0405094617393393,0.0342139268924632,0.00213767977109402,0.117171430430431,0.959490538260661,0.882828569569569,0.997862320228906,0.623819209830874,0.294562451142844,0.13125937620441,0.970903193067217,0.376180790169126,0.0290968069327836,0.868740623795589,TRUE,FALSE,0.115033750659337,0.839643816862806,0.115033750659337,0.839643816862806,2.66829851688529,0.626674445429316,2.45796440694396
"47","Gal2023_076",9.88310147987419,9.671334419186,9.9935914147552,0.151073340465017,0.64315875792728,0.0365777306235071,0.590438577856743,0.672236143316628,0.310604052694062,0.00313302196625709,0.307539830952203,0.314868861201338,0.515357451660042,0.352931206638966,0.0825077877791307,0.999994305310537,0.484642548339958,5.69468946334249e-06,0.917492212220869,0.876528598533607,0.137024912799637,0.548630328495803,0.997713908834203,0.123471401466393,0.00228609116579746,0.451369671504197,TRUE,FALSE,0.917486517531406,0.449083580338399,0.917486517531406,0.449083580338399,1.52860254215401,5.68720089288481,1.00868676344769
"48","Gal2023_077",11.2303595511079,11.1582077265076,11.2801539862784,0.0527364839394743,0.673910447180761,0.00887532380083493,0.661537427200376,0.680774412148922,0.306641249001187,0.00365255893068514,0.301543814238052,0.309307645749341,0.249525678504992,0.27295072861386,0.0113357367227633,0.830585326199802,0.750474321495008,0.169414673800197,0.988664263277237,0.997523032706419,0.00442726391266326,0.985750866468018,0.99999570834095,0.00247696729358128,4.29165905048897e-06,0.0142491335319816,FALSE,FALSE,0.819249589477039,0.0142448418729312,0.819249589477039,0.0142448418729311,0.469588562142445,1.31698860552822,1.19115055217865
"49","Gal2023_078",5.45206336456209,5.3743276167604,5.5054176911192,0.0560176667730114,0.61545780011656,0.0125482041998711,0.599016986686111,0.629648565739196,0.312017618003422,0.00808586437567571,0.302357611601718,0.322368601996755,0.5,0,0.5,0.5,0.5,0.5,0.5,0.5,0,0.5,0.5,0.5,0.5,0.5,FALSE,FALSE,0,0,0,0,1.02745810214021,2.03884071296108,2.591476861921
"50","Gal2023_079",11.0115191612781,10.930021607342,11.0694091301728,0.0584583555022886,0.640371282431474,0.0136377823461914,0.621888687106078,0.651024410034485,0.291943573946256,0.00820126770954233,0.281647259908129,0.301351278744896,0.927112820896039,0.0850121499290765,0.704737506444859,0.99996366271919,0.0728871791039611,3.6337280809552e-05,0.295262493555141,0.999806009811676,0.000646900840709107,0.99845089199456,0.99999999812574,0.000193990188323876,1.87426012475794e-09,0.00154910800543975,FALSE,FALSE,0.295226156274331,0.00154910613117953,0.295226156274331,0.00154910613117962,0.530883655979613,2.1296680098472,2.8091961740018
"51","gal2023_073",12.4143439124172,12.3437391483524,12.5141961066276,0.0742202416121667,0.653995211250126,0.00630665311737042,0.647287849015217,0.662717488212208,0.30845202442338,0.000830915454282051,0.307509962576178,0.309509665036787,0.856258492332551,0.163278895937988,0.416175547540416,0.998562188758755,0.143741507667449,0.00143781124124539,0.583824452459584,0.999872672692987,0.000320378086938887,0.999098358182438,0.999999894642343,0.000127327307012788,1.05357656790391e-07,0.00090164181756221,FALSE,FALSE,0.582386641218339,0.000901536459905539,0.582386641218339,0.000901536459905419,0.597858752228778,0.964327109569369,0.269382396123145
